filename,tumor,stroke
Tumor\yes\Y1.jpg,1,0
Tumor\yes\Y10.jpg,1,0
Tumor\yes\Y100.JPG,1,0
Tumor\yes\Y101.jpg,1,0
Tumor\yes\Y102.jpg,1,0
Tumor\yes\Y103.jpg,1,0
Tumor\yes\Y104.jpg,1,0
Tumor\yes\Y105.jpg,1,0
Tumor\yes\Y106.jpg,1,0
Tumor\yes\Y107.jpg,1,0
Tumor\yes\Y108.jpg,1,0
Tumor\yes\Y109.JPG,1,0
Tumor\yes\Y11.jpg,1,0
Tumor\yes\Y111.JPG,1,0
Tumor\yes\Y112.JPG,1,0
Tumor\yes\Y113.JPG,1,0
Tumor\yes\Y114.JPG,1,0
Tumor\yes\Y115.JPG,1,0
Tumor\yes\Y116.JPG,1,0
Tumor\yes\Y117.JPG,1,0
Tumor\yes\Y12.jpg,1,0
Tumor\yes\Y120.JPG,1,0
Tumor\yes\Y13.jpg,1,0
Tumor\yes\Y14.jpg,1,0
Tumor\yes\Y146.JPG,1,0
Tumor\yes\Y147.JPG,1,0
Tumor\yes\Y148.JPG,1,0
Tumor\yes\Y15.jpg,1,0
Tumor\yes\Y153.jpg,1,0
Tumor\yes\Y154.jpg,1,0
Tumor\yes\Y155.JPG,1,0
Tumor\yes\Y156.JPG,1,0
Tumor\yes\Y157.JPG,1,0
Tumor\yes\Y158.JPG,1,0
Tumor\yes\Y159.JPG,1,0
Tumor\yes\Y16.JPG,1,0
Tumor\yes\Y160.JPG,1,0
Tumor\yes\Y161.JPG,1,0
Tumor\yes\Y162.jpg,1,0
Tumor\yes\Y163.JPG,1,0
Tumor\yes\Y164.JPG,1,0
Tumor\yes\Y165.JPG,1,0
Tumor\yes\Y166.JPG,1,0
Tumor\yes\Y167.JPG,1,0
Tumor\yes\Y168.jpg,1,0
Tumor\yes\Y169.jpg,1,0
Tumor\yes\Y17.jpg,1,0
Tumor\yes\Y170.JPG,1,0
Tumor\yes\Y18.JPG,1,0
Tumor\yes\Y180.jpg,1,0
Tumor\yes\Y181.jpg,1,0
Tumor\yes\Y182.JPG,1,0
Tumor\yes\Y183.jpg,1,0
Tumor\yes\Y184.JPG,1,0
Tumor\yes\Y185.jpg,1,0
Tumor\yes\Y186.jpg,1,0
Tumor\yes\Y187.jpg,1,0
Tumor\yes\Y188.jpg,1,0
Tumor\yes\Y19.JPG,1,0
Tumor\yes\Y192.JPG,1,0
Tumor\yes\Y193.JPG,1,0
Tumor\yes\Y194.jpg,1,0
Tumor\yes\Y195.JPG,1,0
Tumor\yes\Y2.jpg,1,0
Tumor\yes\Y20.jpg,1,0
Tumor\yes\Y21.jpg,1,0
Tumor\yes\Y22.jpg,1,0
Tumor\yes\Y23.JPG,1,0
Tumor\yes\Y24.jpg,1,0
Tumor\yes\Y242.JPG,1,0
Tumor\yes\Y243.JPG,1,0
Tumor\yes\Y244.JPG,1,0
Tumor\yes\Y245.jpg,1,0
Tumor\yes\Y246.JPG,1,0
Tumor\yes\Y247.JPG,1,0
Tumor\yes\Y248.JPG,1,0
Tumor\yes\Y249.JPG,1,0
Tumor\yes\Y25.jpg,1,0
Tumor\yes\Y250.jpg,1,0
Tumor\yes\Y251.JPG,1,0
Tumor\yes\Y252.jpg,1,0
Tumor\yes\Y253.JPG,1,0
Tumor\yes\Y254.jpg,1,0
Tumor\yes\Y255.JPG,1,0
Tumor\yes\Y256.JPG,1,0
Tumor\yes\Y257.jpg,1,0
Tumor\yes\Y258.JPG,1,0
Tumor\yes\Y259.JPG,1,0
Tumor\yes\Y26.jpg,1,0
Tumor\yes\Y27.jpg,1,0
Tumor\yes\Y28.jpg,1,0
Tumor\yes\Y29.jpg,1,0
Tumor\yes\Y3.jpg,1,0
Tumor\yes\Y30.jpg,1,0
Tumor\yes\Y31.jpg,1,0
Tumor\yes\Y32.jpg,1,0
Tumor\yes\Y33.jpg,1,0
Tumor\yes\Y34.jpg,1,0
Tumor\yes\Y35.jpg,1,0
Tumor\yes\Y36.JPG,1,0
Tumor\yes\Y37.jpg,1,0
Tumor\yes\Y38.jpg,1,0
Tumor\yes\Y39.jpg,1,0
Tumor\yes\Y4.jpg,1,0
Tumor\yes\Y40.JPG,1,0
Tumor\yes\Y41.jpg,1,0
Tumor\yes\Y42.jpg,1,0
Tumor\yes\Y44.JPG,1,0
Tumor\yes\Y45.JPG,1,0
Tumor\yes\Y46.jpg,1,0
Tumor\yes\Y47.JPG,1,0
Tumor\yes\Y49.JPG,1,0
Tumor\yes\Y50.JPG,1,0
Tumor\yes\Y51.jpg,1,0
Tumor\yes\Y52.jpg,1,0
Tumor\yes\Y53.jpg,1,0
Tumor\yes\Y54.jpg,1,0
Tumor\yes\Y55.jpg,1,0
Tumor\yes\Y56.jpg,1,0
Tumor\yes\Y58.JPG,1,0
Tumor\yes\Y59.JPG,1,0
Tumor\yes\Y6.jpg,1,0
Tumor\yes\Y60.jpg,1,0
Tumor\yes\Y61.jpg,1,0
Tumor\yes\Y62.jpg,1,0
Tumor\yes\Y65.JPG,1,0
Tumor\yes\Y66.JPG,1,0
Tumor\yes\Y67.JPG,1,0
Tumor\yes\Y69.jpg,1,0
Tumor\yes\Y7.jpg,1,0
Tumor\yes\Y70.jpg,1,0
Tumor\yes\Y71.JPG,1,0
Tumor\yes\Y73.jpg,1,0
Tumor\yes\Y74.jpg,1,0
Tumor\yes\Y75.JPG,1,0
Tumor\yes\Y76.jpg,1,0
Tumor\yes\Y77.jpg,1,0
Tumor\yes\Y78.jpg,1,0
Tumor\yes\Y79.jpg,1,0
Tumor\yes\Y8.jpg,1,0
Tumor\yes\Y81.jpg,1,0
Tumor\yes\Y82.jpg,1,0
Tumor\yes\Y85.JPG,1,0
Tumor\yes\Y86.JPG,1,0
Tumor\yes\Y89.JPG,1,0
Tumor\yes\Y9.jpg,1,0
Tumor\yes\Y90.jpg,1,0
Tumor\yes\Y91.jpg,1,0
Tumor\yes\Y92.jpg,1,0
Tumor\yes\Y92.png,1,0
Tumor\yes\Y95.jpg,1,0
Tumor\yes\Y96.jpg,1,0
Tumor\yes\Y97.JPG,1,0
Tumor\yes\Y98.JPG,1,0
Tumor\yes\Y99.JPG,1,0
Tumor\no\1 no.jpeg,0,0
Tumor\no\10 no.jpg,0,0
Tumor\no\11 no.jpg,0,0
Tumor\no\12 no.jpg,0,0
Tumor\no\13 no.jpg,0,0
Tumor\no\14 no.jpg,0,0
Tumor\no\15 no.jpg,0,0
Tumor\no\17 no.jpg,0,0
Tumor\no\18 no.jpg,0,0
Tumor\no\19 no.jpg,0,0
Tumor\no\2 no.jpeg,0,0
Tumor\no\20 no.jpg,0,0
Tumor\no\21 no.jpg,0,0
Tumor\no\22 no.jpg,0,0
Tumor\no\23 no.jpg,0,0
Tumor\no\24 no.jpg,0,0
Tumor\no\25 no.jpg,0,0
Tumor\no\26 no.jpg,0,0
Tumor\no\27 no.jpg,0,0
Tumor\no\28 no.jpg,0,0
Tumor\no\29 no.jpg,0,0
Tumor\no\3 no.jpg,0,0
Tumor\no\30 no.jpg,0,0
Tumor\no\31 no.jpg,0,0
Tumor\no\32 no.jpg,0,0
Tumor\no\33 no.jpg,0,0
Tumor\no\34 no.jpg,0,0
Tumor\no\35 no.jpg,0,0
Tumor\no\36 no.jpg,0,0
Tumor\no\37 no.jpg,0,0
Tumor\no\38 no.jpg,0,0
Tumor\no\39 no.jpg,0,0
Tumor\no\4 no.jpg,0,0
Tumor\no\40 no.jpg,0,0
Tumor\no\41 no.jpg,0,0
Tumor\no\42 no.jpg,0,0
Tumor\no\43 no.jpg,0,0
Tumor\no\44no.jpg,0,0
Tumor\no\45 no.jpg,0,0
Tumor\no\46 no.jpg,0,0
Tumor\no\47 no.jpg,0,0
Tumor\no\48 no.jpeg,0,0
Tumor\no\49 no.jpg,0,0
Tumor\no\5 no.jpg,0,0
Tumor\no\50 no.jpg,0,0
Tumor\no\6 no.jpg,0,0
Tumor\no\7 no.jpg,0,0
Tumor\no\8 no.jpg,0,0
Tumor\no\9 no.jpg,0,0
Tumor\no\aug_0_1 no.jpeg,0,0
Tumor\no\aug_10_1 no.jpeg,0,0
Tumor\no\aug_11_1 no.jpeg,0,0
Tumor\no\aug_12_1 no.jpeg,0,0
Tumor\no\aug_13_1 no.jpeg,0,0
Tumor\no\aug_14_1 no.jpeg,0,0
Tumor\no\aug_15_1 no.jpeg,0,0
Tumor\no\aug_16_1 no.jpeg,0,0
Tumor\no\aug_17_1 no.jpeg,0,0
Tumor\no\aug_18_1 no.jpeg,0,0
Tumor\no\aug_19_1 no.jpeg,0,0
Tumor\no\aug_1_1 no.jpeg,0,0
Tumor\no\aug_20_1 no.jpeg,0,0
Tumor\no\aug_21_1 no.jpeg,0,0
Tumor\no\aug_22_1 no.jpeg,0,0
Tumor\no\aug_23_1 no.jpeg,0,0
Tumor\no\aug_24_1 no.jpeg,0,0
Tumor\no\aug_25_1 no.jpeg,0,0
Tumor\no\aug_26_1 no.jpeg,0,0
Tumor\no\aug_27_1 no.jpeg,0,0
Tumor\no\aug_28_1 no.jpeg,0,0
Tumor\no\aug_29_1 no.jpeg,0,0
Tumor\no\aug_2_1 no.jpeg,0,0
Tumor\no\aug_30_1 no.jpeg,0,0
Tumor\no\aug_31_1 no.jpeg,0,0
Tumor\no\aug_32_1 no.jpeg,0,0
Tumor\no\aug_33_1 no.jpeg,0,0
Tumor\no\aug_34_1 no.jpeg,0,0
Tumor\no\aug_35_1 no.jpeg,0,0
Tumor\no\aug_36_1 no.jpeg,0,0
Tumor\no\aug_37_1 no.jpeg,0,0
Tumor\no\aug_38_1 no.jpeg,0,0
Tumor\no\aug_39_1 no.jpeg,0,0
Tumor\no\aug_3_1 no.jpeg,0,0
Tumor\no\aug_40_1 no.jpeg,0,0
Tumor\no\aug_41_1 no.jpeg,0,0
Tumor\no\aug_42_1 no.jpeg,0,0
Tumor\no\aug_43_1 no.jpeg,0,0
Tumor\no\aug_44_1 no.jpeg,0,0
Tumor\no\aug_45_1 no.jpeg,0,0
Tumor\no\aug_46_1 no.jpeg,0,0
Tumor\no\aug_47_1 no.jpeg,0,0
Tumor\no\aug_48_1 no.jpeg,0,0
Tumor\no\aug_49_1 no.jpeg,0,0
Tumor\no\aug_4_1 no.jpeg,0,0
Tumor\no\aug_50_1 no.jpeg,0,0
Tumor\no\aug_51_1 no.jpeg,0,0
Tumor\no\aug_52_1 no.jpeg,0,0
Tumor\no\aug_53_1 no.jpeg,0,0
Tumor\no\aug_54_1 no.jpeg,0,0
Tumor\no\aug_55_1 no.jpeg,0,0
Tumor\no\aug_56_1 no.jpeg,0,0
Tumor\no\aug_5_1 no.jpeg,0,0
Tumor\no\aug_6_1 no.jpeg,0,0
Tumor\no\aug_7_1 no.jpeg,0,0
Tumor\no\aug_8_1 no.jpeg,0,0
Tumor\no\aug_9_1 no.jpeg,0,0
Tumor\no\N1.JPG,0,0
Tumor\no\N11.jpg,0,0
Tumor\no\N15.jpg,0,0
Tumor\no\N16.jpg,0,0
Tumor\no\N17.jpg,0,0
Tumor\no\N19.JPG,0,0
Tumor\no\N2.JPG,0,0
Tumor\no\N20.JPG,0,0
Tumor\no\N21.jpg,0,0
Tumor\no\N22.JPG,0,0
Tumor\no\N26.JPG,0,0
Tumor\no\N3.jpg,0,0
Tumor\no\N5.jpg,0,0
Tumor\no\N6.jpg,0,0
Tumor\no\no 1.jpg,0,0
Tumor\no\no 10.jpg,0,0
Tumor\no\no 100.jpg,0,0
Tumor\no\no 2.jpg,0,0
Tumor\no\no 3.jpg,0,0
Tumor\no\no 4.jpg,0,0
Tumor\no\no 5.jpeg,0,0
Tumor\no\no 6.jpg,0,0
Tumor\no\no 7.jpeg,0,0
Tumor\no\no 8.jpg,0,0
Tumor\no\no 89.jpg,0,0
Tumor\no\no 9.png,0,0
Tumor\no\no 90.jpg,0,0
Tumor\no\no 91.jpeg,0,0
Tumor\no\no 92.jpg,0,0
Tumor\no\no 923.jpg,0,0
Tumor\no\no 94.jpg,0,0
Tumor\no\no 95.jpg,0,0
Tumor\no\no 96.jpg,0,0
Tumor\no\no 97.jpg,0,0
Tumor\no\no 98.jpg,0,0
Tumor\no\no 99.jpg,0,0
Tumor\no\no.jpg,0,0
Tumor\no\No11.jpg,0,0
Tumor\no\No12.jpg,0,0
Tumor\no\No13.jpg,0,0
Tumor\no\No14.jpg,0,0
Tumor\no\No15.jpg,0,0
Tumor\no\No16.jpg,0,0
Tumor\no\No17.jpg,0,0
Tumor\no\No18.jpg,0,0
Tumor\no\No19.jpg,0,0
Tumor\no\No20.jpg,0,0
Tumor\no\No21.jpg,0,0
Tumor\no\No22.jpg,0,0
Stroke\yes\2 (1).JPG,0,1
Stroke\yes\2 (1).png,0,1
Stroke\yes\2 (10).JPG,0,1
Stroke\yes\2 (10).png,0,1
Stroke\yes\2 (100).JPG,0,1
Stroke\yes\2 (100).png,0,1
Stroke\yes\2 (1000).png,0,1
Stroke\yes\2 (1001).png,0,1
Stroke\yes\2 (1002).png,0,1
Stroke\yes\2 (1003).png,0,1
Stroke\yes\2 (1005).png,0,1
Stroke\yes\2 (1006).png,0,1
Stroke\yes\2 (1007).png,0,1
Stroke\yes\2 (1008).png,0,1
Stroke\yes\2 (1009).png,0,1
Stroke\yes\2 (101).JPG,0,1
Stroke\yes\2 (101).png,0,1
Stroke\yes\2 (1010).png,0,1
Stroke\yes\2 (1011).png,0,1
Stroke\yes\2 (1012).png,0,1
Stroke\yes\2 (102).JPG,0,1
Stroke\yes\2 (102).png,0,1
Stroke\yes\2 (103).png,0,1
Stroke\yes\2 (104).JPG,0,1
Stroke\yes\2 (104).png,0,1
Stroke\yes\2 (105).JPG,0,1
Stroke\yes\2 (105).png,0,1
Stroke\yes\2 (106).JPG,0,1
Stroke\yes\2 (106).png,0,1
Stroke\yes\2 (107).png,0,1
Stroke\yes\2 (108).JPG,0,1
Stroke\yes\2 (108).png,0,1
Stroke\yes\2 (109).JPG,0,1
Stroke\yes\2 (109).png,0,1
Stroke\yes\2 (11).JPG,0,1
Stroke\yes\2 (11).png,0,1
Stroke\yes\2 (110).JPG,0,1
Stroke\yes\2 (110).png,0,1
Stroke\yes\2 (111).JPG,0,1
Stroke\yes\2 (111).png,0,1
Stroke\yes\2 (113).JPG,0,1
Stroke\yes\2 (113).png,0,1
Stroke\yes\2 (114).JPG,0,1
Stroke\yes\2 (114).png,0,1
Stroke\yes\2 (115).png,0,1
Stroke\yes\2 (116).png,0,1
Stroke\yes\2 (117).JPG,0,1
Stroke\yes\2 (118).JPG,0,1
Stroke\yes\2 (119).JPG,0,1
Stroke\yes\2 (12).png,0,1
Stroke\yes\2 (120).JPG,0,1
Stroke\yes\2 (120).png,0,1
Stroke\yes\2 (121).png,0,1
Stroke\yes\2 (122).JPG,0,1
Stroke\yes\2 (122).png,0,1
Stroke\yes\2 (123).JPG,0,1
Stroke\yes\2 (123).png,0,1
Stroke\yes\2 (124).JPG,0,1
Stroke\yes\2 (125).JPG,0,1
Stroke\yes\2 (125).png,0,1
Stroke\yes\2 (126).JPG,0,1
Stroke\yes\2 (126).png,0,1
Stroke\yes\2 (127).JPG,0,1
Stroke\yes\2 (128).JPG,0,1
Stroke\yes\2 (129).JPG,0,1
Stroke\yes\2 (129).png,0,1
Stroke\yes\2 (13).png,0,1
Stroke\yes\2 (130).JPG,0,1
Stroke\yes\2 (130).png,0,1
Stroke\yes\2 (131).JPG,0,1
Stroke\yes\2 (132).JPG,0,1
Stroke\yes\2 (133).JPG,0,1
Stroke\yes\2 (133).png,0,1
Stroke\yes\2 (134).JPG,0,1
Stroke\yes\2 (134).png,0,1
Stroke\yes\2 (135).JPG,0,1
Stroke\yes\2 (135).png,0,1
Stroke\yes\2 (136).JPG,0,1
Stroke\yes\2 (137).JPG,0,1
Stroke\yes\2 (137).png,0,1
Stroke\yes\2 (138).JPG,0,1
Stroke\yes\2 (138).png,0,1
Stroke\yes\2 (139).png,0,1
Stroke\yes\2 (14).JPG,0,1
Stroke\yes\2 (14).png,0,1
Stroke\yes\2 (140).JPG,0,1
Stroke\yes\2 (140).png,0,1
Stroke\yes\2 (141).png,0,1
Stroke\yes\2 (142).png,0,1
Stroke\yes\2 (143).JPG,0,1
Stroke\yes\2 (143).png,0,1
Stroke\yes\2 (144).png,0,1
Stroke\yes\2 (145).JPG,0,1
Stroke\yes\2 (145).png,0,1
Stroke\yes\2 (146).JPG,0,1
Stroke\yes\2 (146).png,0,1
Stroke\yes\2 (147).JPG,0,1
Stroke\yes\2 (147).png,0,1
Stroke\yes\2 (148).JPG,0,1
Stroke\yes\2 (148).png,0,1
Stroke\yes\2 (149).png,0,1
Stroke\yes\2 (15).JPG,0,1
Stroke\yes\2 (15).png,0,1
Stroke\yes\2 (150).JPG,0,1
Stroke\yes\2 (151).JPG,0,1
Stroke\yes\2 (151).png,0,1
Stroke\yes\2 (152).JPG,0,1
Stroke\yes\2 (152).png,0,1
Stroke\yes\2 (153).JPG,0,1
Stroke\yes\2 (153).png,0,1
Stroke\yes\2 (154).png,0,1
Stroke\yes\2 (155).JPG,0,1
Stroke\yes\2 (155).png,0,1
Stroke\yes\2 (156).JPG,0,1
Stroke\yes\2 (157).JPG,0,1
Stroke\yes\2 (157).png,0,1
Stroke\yes\2 (158).JPG,0,1
Stroke\yes\2 (158).png,0,1
Stroke\yes\2 (159).JPG,0,1
Stroke\yes\2 (159).png,0,1
Stroke\yes\2 (16).JPG,0,1
Stroke\yes\2 (16).png,0,1
Stroke\yes\2 (160).JPG,0,1
Stroke\yes\2 (160).png,0,1
Stroke\yes\2 (161).JPG,0,1
Stroke\yes\2 (161).png,0,1
Stroke\yes\2 (162).JPG,0,1
Stroke\yes\2 (162).png,0,1
Stroke\yes\2 (164).JPG,0,1
Stroke\yes\2 (165).JPG,0,1
Stroke\yes\2 (165).png,0,1
Stroke\yes\2 (166).JPG,0,1
Stroke\yes\2 (166).png,0,1
Stroke\yes\2 (167).png,0,1
Stroke\yes\2 (168).JPG,0,1
Stroke\yes\2 (168).png,0,1
Stroke\yes\2 (169).JPG,0,1
Stroke\yes\2 (17).JPG,0,1
Stroke\yes\2 (170).JPG,0,1
Stroke\yes\2 (170).png,0,1
Stroke\yes\2 (171).JPG,0,1
Stroke\yes\2 (172).JPG,0,1
Stroke\yes\2 (172).png,0,1
Stroke\yes\2 (173).JPG,0,1
Stroke\yes\2 (174).JPG,0,1
Stroke\yes\2 (174).png,0,1
Stroke\yes\2 (175).JPG,0,1
Stroke\yes\2 (175).png,0,1
Stroke\yes\2 (176).JPG,0,1
Stroke\yes\2 (177).JPG,0,1
Stroke\yes\2 (177).png,0,1
Stroke\yes\2 (178).JPG,0,1
Stroke\yes\2 (178).png,0,1
Stroke\yes\2 (179).JPG,0,1
Stroke\yes\2 (179).png,0,1
Stroke\yes\2 (18).JPG,0,1
Stroke\yes\2 (180).JPG,0,1
Stroke\yes\2 (180).png,0,1
Stroke\yes\2 (181).JPG,0,1
Stroke\yes\2 (182).JPG,0,1
Stroke\yes\2 (183).png,0,1
Stroke\yes\2 (184).JPG,0,1
Stroke\yes\2 (184).png,0,1
Stroke\yes\2 (185).JPG,0,1
Stroke\yes\2 (185).png,0,1
Stroke\yes\2 (186).JPG,0,1
Stroke\yes\2 (186).png,0,1
Stroke\yes\2 (187).JPG,0,1
Stroke\yes\2 (189).JPG,0,1
Stroke\yes\2 (189).png,0,1
Stroke\yes\2 (19).JPG,0,1
Stroke\yes\2 (19).png,0,1
Stroke\yes\2 (190).JPG,0,1
Stroke\yes\2 (190).png,0,1
Stroke\yes\2 (191).png,0,1
Stroke\yes\2 (193).png,0,1
Stroke\yes\2 (195).png,0,1
Stroke\yes\2 (196).png,0,1
Stroke\yes\2 (197).png,0,1
Stroke\yes\2 (198).png,0,1
Stroke\yes\2 (199).png,0,1
Stroke\yes\2 (2).JPG,0,1
Stroke\yes\2 (2).png,0,1
Stroke\yes\2 (20).JPG,0,1
Stroke\yes\2 (20).png,0,1
Stroke\yes\2 (200).png,0,1
Stroke\yes\2 (202).png,0,1
Stroke\yes\2 (204).png,0,1
Stroke\yes\2 (205).png,0,1
Stroke\yes\2 (206).png,0,1
Stroke\yes\2 (207).png,0,1
Stroke\yes\2 (208).png,0,1
Stroke\yes\2 (209).png,0,1
Stroke\yes\2 (21).png,0,1
Stroke\yes\2 (210).png,0,1
Stroke\yes\2 (213).png,0,1
Stroke\yes\2 (214).png,0,1
Stroke\yes\2 (215).png,0,1
Stroke\yes\2 (216).png,0,1
Stroke\yes\2 (217).png,0,1
Stroke\yes\2 (218).png,0,1
Stroke\yes\2 (219).png,0,1
Stroke\yes\2 (22).JPG,0,1
Stroke\yes\2 (22).png,0,1
Stroke\yes\2 (220).png,0,1
Stroke\yes\2 (221).png,0,1
Stroke\yes\2 (222).png,0,1
Stroke\yes\2 (223).png,0,1
Stroke\yes\2 (224).png,0,1
Stroke\yes\2 (225).png,0,1
Stroke\yes\2 (227).png,0,1
Stroke\yes\2 (228).png,0,1
Stroke\yes\2 (229).png,0,1
Stroke\yes\2 (23).JPG,0,1
Stroke\yes\2 (231).png,0,1
Stroke\yes\2 (232).png,0,1
Stroke\yes\2 (233).png,0,1
Stroke\yes\2 (235).png,0,1
Stroke\yes\2 (236).png,0,1
Stroke\yes\2 (237).png,0,1
Stroke\yes\2 (24).JPG,0,1
Stroke\yes\2 (240).png,0,1
Stroke\yes\2 (241).png,0,1
Stroke\yes\2 (242).png,0,1
Stroke\yes\2 (243).png,0,1
Stroke\yes\2 (244).png,0,1
Stroke\yes\2 (245).png,0,1
Stroke\yes\2 (246).png,0,1
Stroke\yes\2 (247).png,0,1
Stroke\yes\2 (249).png,0,1
Stroke\yes\2 (25).JPG,0,1
Stroke\yes\2 (251).png,0,1
Stroke\yes\2 (253).png,0,1
Stroke\yes\2 (254).png,0,1
Stroke\yes\2 (255).png,0,1
Stroke\yes\2 (257).png,0,1
Stroke\yes\2 (259).png,0,1
Stroke\yes\2 (26).JPG,0,1
Stroke\yes\2 (26).png,0,1
Stroke\yes\2 (260).png,0,1
Stroke\yes\2 (261).png,0,1
Stroke\yes\2 (262).png,0,1
Stroke\yes\2 (263).png,0,1
Stroke\yes\2 (264).png,0,1
Stroke\yes\2 (265).png,0,1
Stroke\yes\2 (269).png,0,1
Stroke\yes\2 (27).JPG,0,1
Stroke\yes\2 (27).png,0,1
Stroke\yes\2 (271).png,0,1
Stroke\yes\2 (272).png,0,1
Stroke\yes\2 (273).png,0,1
Stroke\yes\2 (274).png,0,1
Stroke\yes\2 (276).png,0,1
Stroke\yes\2 (278).png,0,1
Stroke\yes\2 (279).png,0,1
Stroke\yes\2 (28).JPG,0,1
Stroke\yes\2 (28).png,0,1
Stroke\yes\2 (280).png,0,1
Stroke\yes\2 (283).png,0,1
Stroke\yes\2 (284).png,0,1
Stroke\yes\2 (288).png,0,1
Stroke\yes\2 (289).png,0,1
Stroke\yes\2 (29).JPG,0,1
Stroke\yes\2 (29).png,0,1
Stroke\yes\2 (290).png,0,1
Stroke\yes\2 (291).png,0,1
Stroke\yes\2 (292).png,0,1
Stroke\yes\2 (293).png,0,1
Stroke\yes\2 (294).png,0,1
Stroke\yes\2 (295).png,0,1
Stroke\yes\2 (297).png,0,1
Stroke\yes\2 (298).png,0,1
Stroke\yes\2 (299).png,0,1
Stroke\yes\2 (3).JPG,0,1
Stroke\yes\2 (3).png,0,1
Stroke\yes\2 (30).png,0,1
Stroke\yes\2 (300).png,0,1
Stroke\yes\2 (301).png,0,1
Stroke\yes\2 (302).png,0,1
Stroke\yes\2 (304).png,0,1
Stroke\yes\2 (305).png,0,1
Stroke\yes\2 (306).png,0,1
Stroke\yes\2 (307).png,0,1
Stroke\yes\2 (308).png,0,1
Stroke\yes\2 (309).png,0,1
Stroke\yes\2 (310).png,0,1
Stroke\yes\2 (311).png,0,1
Stroke\yes\2 (312).png,0,1
Stroke\yes\2 (314).png,0,1
Stroke\yes\2 (315).png,0,1
Stroke\yes\2 (316).png,0,1
Stroke\yes\2 (318).png,0,1
Stroke\yes\2 (319).png,0,1
Stroke\yes\2 (32).JPG,0,1
Stroke\yes\2 (32).png,0,1
Stroke\yes\2 (320).png,0,1
Stroke\yes\2 (322).png,0,1
Stroke\yes\2 (323).png,0,1
Stroke\yes\2 (326).png,0,1
Stroke\yes\2 (327).png,0,1
Stroke\yes\2 (328).png,0,1
Stroke\yes\2 (329).png,0,1
Stroke\yes\2 (33).JPG,0,1
Stroke\yes\2 (33).png,0,1
Stroke\yes\2 (330).png,0,1
Stroke\yes\2 (331).png,0,1
Stroke\yes\2 (332).png,0,1
Stroke\yes\2 (333).png,0,1
Stroke\yes\2 (334).png,0,1
Stroke\yes\2 (335).png,0,1
Stroke\yes\2 (337).png,0,1
Stroke\yes\2 (338).png,0,1
Stroke\yes\2 (339).png,0,1
Stroke\yes\2 (34).png,0,1
Stroke\yes\2 (340).png,0,1
Stroke\yes\2 (341).png,0,1
Stroke\yes\2 (342).png,0,1
Stroke\yes\2 (343).png,0,1
Stroke\yes\2 (344).png,0,1
Stroke\yes\2 (345).png,0,1
Stroke\yes\2 (346).png,0,1
Stroke\yes\2 (347).png,0,1
Stroke\yes\2 (348).png,0,1
Stroke\yes\2 (35).JPG,0,1
Stroke\yes\2 (35).png,0,1
Stroke\yes\2 (350).png,0,1
Stroke\yes\2 (351).png,0,1
Stroke\yes\2 (352).png,0,1
Stroke\yes\2 (354).png,0,1
Stroke\yes\2 (355).png,0,1
Stroke\yes\2 (356).png,0,1
Stroke\yes\2 (357).png,0,1
Stroke\yes\2 (359).png,0,1
Stroke\yes\2 (360).png,0,1
Stroke\yes\2 (362).png,0,1
Stroke\yes\2 (364).png,0,1
Stroke\yes\2 (367).png,0,1
Stroke\yes\2 (37).JPG,0,1
Stroke\yes\2 (37).png,0,1
Stroke\yes\2 (370).png,0,1
Stroke\yes\2 (371).png,0,1
Stroke\yes\2 (372).png,0,1
Stroke\yes\2 (374).png,0,1
Stroke\yes\2 (375).png,0,1
Stroke\yes\2 (376).png,0,1
Stroke\yes\2 (377).png,0,1
Stroke\yes\2 (378).png,0,1
Stroke\yes\2 (379).png,0,1
Stroke\yes\2 (38).JPG,0,1
Stroke\yes\2 (380).png,0,1
Stroke\yes\2 (381).png,0,1
Stroke\yes\2 (382).png,0,1
Stroke\yes\2 (383).png,0,1
Stroke\yes\2 (384).png,0,1
Stroke\yes\2 (386).png,0,1
Stroke\yes\2 (387).png,0,1
Stroke\yes\2 (388).png,0,1
Stroke\yes\2 (389).png,0,1
Stroke\yes\2 (39).png,0,1
Stroke\yes\2 (390).png,0,1
Stroke\yes\2 (392).png,0,1
Stroke\yes\2 (393).png,0,1
Stroke\yes\2 (396).png,0,1
Stroke\yes\2 (397).png,0,1
Stroke\yes\2 (398).png,0,1
Stroke\yes\2 (399).png,0,1
Stroke\yes\2 (4).JPG,0,1
Stroke\yes\2 (40).JPG,0,1
Stroke\yes\2 (40).png,0,1
Stroke\yes\2 (400).png,0,1
Stroke\yes\2 (401).png,0,1
Stroke\yes\2 (402).png,0,1
Stroke\yes\2 (403).png,0,1
Stroke\yes\2 (404).png,0,1
Stroke\yes\2 (405).png,0,1
Stroke\yes\2 (406).png,0,1
Stroke\yes\2 (407).png,0,1
Stroke\yes\2 (409).png,0,1
Stroke\yes\2 (41).JPG,0,1
Stroke\yes\2 (41).png,0,1
Stroke\yes\2 (410).png,0,1
Stroke\yes\2 (411).png,0,1
Stroke\yes\2 (412).png,0,1
Stroke\yes\2 (413).png,0,1
Stroke\yes\2 (414).png,0,1
Stroke\yes\2 (415).png,0,1
Stroke\yes\2 (416).png,0,1
Stroke\yes\2 (417).png,0,1
Stroke\yes\2 (419).png,0,1
Stroke\yes\2 (42).JPG,0,1
Stroke\yes\2 (420).png,0,1
Stroke\yes\2 (421).png,0,1
Stroke\yes\2 (422).png,0,1
Stroke\yes\2 (423).png,0,1
Stroke\yes\2 (424).png,0,1
Stroke\yes\2 (425).png,0,1
Stroke\yes\2 (426).png,0,1
Stroke\yes\2 (427).png,0,1
Stroke\yes\2 (428).png,0,1
Stroke\yes\2 (429).png,0,1
Stroke\yes\2 (43).JPG,0,1
Stroke\yes\2 (43).png,0,1
Stroke\yes\2 (430).png,0,1
Stroke\yes\2 (431).png,0,1
Stroke\yes\2 (432).png,0,1
Stroke\yes\2 (434).png,0,1
Stroke\yes\2 (435).png,0,1
Stroke\yes\2 (436).png,0,1
Stroke\yes\2 (437).png,0,1
Stroke\yes\2 (438).png,0,1
Stroke\yes\2 (44).JPG,0,1
Stroke\yes\2 (44).png,0,1
Stroke\yes\2 (441).png,0,1
Stroke\yes\2 (442).png,0,1
Stroke\yes\2 (443).png,0,1
Stroke\yes\2 (444).png,0,1
Stroke\yes\2 (446).png,0,1
Stroke\yes\2 (447).png,0,1
Stroke\yes\2 (448).png,0,1
Stroke\yes\2 (449).png,0,1
Stroke\yes\2 (45).JPG,0,1
Stroke\yes\2 (45).png,0,1
Stroke\yes\2 (451).png,0,1
Stroke\yes\2 (452).png,0,1
Stroke\yes\2 (453).png,0,1
Stroke\yes\2 (454).png,0,1
Stroke\yes\2 (455).png,0,1
Stroke\yes\2 (456).png,0,1
Stroke\yes\2 (458).png,0,1
Stroke\yes\2 (46).JPG,0,1
Stroke\yes\2 (46).png,0,1
Stroke\yes\2 (460).png,0,1
Stroke\yes\2 (461).png,0,1
Stroke\yes\2 (462).png,0,1
Stroke\yes\2 (463).png,0,1
Stroke\yes\2 (464).png,0,1
Stroke\yes\2 (465).png,0,1
Stroke\yes\2 (466).png,0,1
Stroke\yes\2 (469).png,0,1
Stroke\yes\2 (47).JPG,0,1
Stroke\yes\2 (47).png,0,1
Stroke\yes\2 (470).png,0,1
Stroke\yes\2 (471).png,0,1
Stroke\yes\2 (472).png,0,1
Stroke\yes\2 (473).png,0,1
Stroke\yes\2 (474).png,0,1
Stroke\yes\2 (475).png,0,1
Stroke\yes\2 (476).png,0,1
Stroke\yes\2 (477).png,0,1
Stroke\yes\2 (478).png,0,1
Stroke\yes\2 (48).JPG,0,1
Stroke\yes\2 (48).png,0,1
Stroke\yes\2 (480).png,0,1
Stroke\yes\2 (481).png,0,1
Stroke\yes\2 (482).png,0,1
Stroke\yes\2 (484).png,0,1
Stroke\yes\2 (486).png,0,1
Stroke\yes\2 (487).png,0,1
Stroke\yes\2 (489).png,0,1
Stroke\yes\2 (49).JPG,0,1
Stroke\yes\2 (49).png,0,1
Stroke\yes\2 (490).png,0,1
Stroke\yes\2 (491).png,0,1
Stroke\yes\2 (493).png,0,1
Stroke\yes\2 (494).png,0,1
Stroke\yes\2 (495).png,0,1
Stroke\yes\2 (497).png,0,1
Stroke\yes\2 (499).png,0,1
Stroke\yes\2 (5).JPG,0,1
Stroke\yes\2 (5).png,0,1
Stroke\yes\2 (50).JPG,0,1
Stroke\yes\2 (50).png,0,1
Stroke\yes\2 (501).png,0,1
Stroke\yes\2 (502).png,0,1
Stroke\yes\2 (503).png,0,1
Stroke\yes\2 (504).png,0,1
Stroke\yes\2 (505).png,0,1
Stroke\yes\2 (507).png,0,1
Stroke\yes\2 (508).png,0,1
Stroke\yes\2 (509).png,0,1
Stroke\yes\2 (51).JPG,0,1
Stroke\yes\2 (51).png,0,1
Stroke\yes\2 (510).png,0,1
Stroke\yes\2 (511).png,0,1
Stroke\yes\2 (512).png,0,1
Stroke\yes\2 (513).png,0,1
Stroke\yes\2 (514).png,0,1
Stroke\yes\2 (517).png,0,1
Stroke\yes\2 (518).png,0,1
Stroke\yes\2 (519).png,0,1
Stroke\yes\2 (52).png,0,1
Stroke\yes\2 (520).png,0,1
Stroke\yes\2 (521).png,0,1
Stroke\yes\2 (523).png,0,1
Stroke\yes\2 (524).png,0,1
Stroke\yes\2 (525).png,0,1
Stroke\yes\2 (526).png,0,1
Stroke\yes\2 (527).png,0,1
Stroke\yes\2 (528).png,0,1
Stroke\yes\2 (529).png,0,1
Stroke\yes\2 (530).png,0,1
Stroke\yes\2 (531).png,0,1
Stroke\yes\2 (533).png,0,1
Stroke\yes\2 (534).png,0,1
Stroke\yes\2 (535).png,0,1
Stroke\yes\2 (536).png,0,1
Stroke\yes\2 (537).png,0,1
Stroke\yes\2 (538).png,0,1
Stroke\yes\2 (539).png,0,1
Stroke\yes\2 (54).JPG,0,1
Stroke\yes\2 (54).png,0,1
Stroke\yes\2 (540).png,0,1
Stroke\yes\2 (541).png,0,1
Stroke\yes\2 (542).png,0,1
Stroke\yes\2 (543).png,0,1
Stroke\yes\2 (544).png,0,1
Stroke\yes\2 (545).png,0,1
Stroke\yes\2 (546).png,0,1
Stroke\yes\2 (547).png,0,1
Stroke\yes\2 (548).png,0,1
Stroke\yes\2 (549).png,0,1
Stroke\yes\2 (55).JPG,0,1
Stroke\yes\2 (55).png,0,1
Stroke\yes\2 (550).png,0,1
Stroke\yes\2 (552).png,0,1
Stroke\yes\2 (553).png,0,1
Stroke\yes\2 (556).png,0,1
Stroke\yes\2 (557).png,0,1
Stroke\yes\2 (558).png,0,1
Stroke\yes\2 (559).png,0,1
Stroke\yes\2 (56).JPG,0,1
Stroke\yes\2 (560).png,0,1
Stroke\yes\2 (561).png,0,1
Stroke\yes\2 (562).png,0,1
Stroke\yes\2 (563).png,0,1
Stroke\yes\2 (564).png,0,1
Stroke\yes\2 (565).png,0,1
Stroke\yes\2 (566).png,0,1
Stroke\yes\2 (567).png,0,1
Stroke\yes\2 (568).png,0,1
Stroke\yes\2 (57).JPG,0,1
Stroke\yes\2 (57).png,0,1
Stroke\yes\2 (570).png,0,1
Stroke\yes\2 (571).png,0,1
Stroke\yes\2 (572).png,0,1
Stroke\yes\2 (573).png,0,1
Stroke\yes\2 (574).png,0,1
Stroke\yes\2 (575).png,0,1
Stroke\yes\2 (576).png,0,1
Stroke\yes\2 (577).png,0,1
Stroke\yes\2 (578).png,0,1
Stroke\yes\2 (579).png,0,1
Stroke\yes\2 (58).JPG,0,1
Stroke\yes\2 (58).png,0,1
Stroke\yes\2 (580).png,0,1
Stroke\yes\2 (584).png,0,1
Stroke\yes\2 (585).png,0,1
Stroke\yes\2 (586).png,0,1
Stroke\yes\2 (587).png,0,1
Stroke\yes\2 (589).png,0,1
Stroke\yes\2 (59).JPG,0,1
Stroke\yes\2 (59).png,0,1
Stroke\yes\2 (591).png,0,1
Stroke\yes\2 (592).png,0,1
Stroke\yes\2 (593).png,0,1
Stroke\yes\2 (594).png,0,1
Stroke\yes\2 (595).png,0,1
Stroke\yes\2 (596).png,0,1
Stroke\yes\2 (597).png,0,1
Stroke\yes\2 (598).png,0,1
Stroke\yes\2 (599).png,0,1
Stroke\yes\2 (6).png,0,1
Stroke\yes\2 (60).JPG,0,1
Stroke\yes\2 (60).png,0,1
Stroke\yes\2 (601).png,0,1
Stroke\yes\2 (603).png,0,1
Stroke\yes\2 (604).png,0,1
Stroke\yes\2 (605).png,0,1
Stroke\yes\2 (606).png,0,1
Stroke\yes\2 (607).png,0,1
Stroke\yes\2 (608).png,0,1
Stroke\yes\2 (61).png,0,1
Stroke\yes\2 (613).png,0,1
Stroke\yes\2 (614).png,0,1
Stroke\yes\2 (615).png,0,1
Stroke\yes\2 (616).png,0,1
Stroke\yes\2 (617).png,0,1
Stroke\yes\2 (62).JPG,0,1
Stroke\yes\2 (620).png,0,1
Stroke\yes\2 (622).png,0,1
Stroke\yes\2 (623).png,0,1
Stroke\yes\2 (624).png,0,1
Stroke\yes\2 (625).png,0,1
Stroke\yes\2 (626).png,0,1
Stroke\yes\2 (627).png,0,1
Stroke\yes\2 (628).png,0,1
Stroke\yes\2 (629).png,0,1
Stroke\yes\2 (63).png,0,1
Stroke\yes\2 (630).png,0,1
Stroke\yes\2 (631).png,0,1
Stroke\yes\2 (632).png,0,1
Stroke\yes\2 (633).png,0,1
Stroke\yes\2 (634).png,0,1
Stroke\yes\2 (636).png,0,1
Stroke\yes\2 (637).png,0,1
Stroke\yes\2 (639).png,0,1
Stroke\yes\2 (64).JPG,0,1
Stroke\yes\2 (64).png,0,1
Stroke\yes\2 (640).png,0,1
Stroke\yes\2 (641).png,0,1
Stroke\yes\2 (643).png,0,1
Stroke\yes\2 (646).png,0,1
Stroke\yes\2 (647).png,0,1
Stroke\yes\2 (648).png,0,1
Stroke\yes\2 (649).png,0,1
Stroke\yes\2 (65).JPG,0,1
Stroke\yes\2 (65).png,0,1
Stroke\yes\2 (650).png,0,1
Stroke\yes\2 (651).png,0,1
Stroke\yes\2 (652).png,0,1
Stroke\yes\2 (653).png,0,1
Stroke\yes\2 (654).png,0,1
Stroke\yes\2 (655).png,0,1
Stroke\yes\2 (656).png,0,1
Stroke\yes\2 (657).png,0,1
Stroke\yes\2 (658).png,0,1
Stroke\yes\2 (659).png,0,1
Stroke\yes\2 (66).JPG,0,1
Stroke\yes\2 (66).png,0,1
Stroke\yes\2 (661).png,0,1
Stroke\yes\2 (662).png,0,1
Stroke\yes\2 (663).png,0,1
Stroke\yes\2 (664).png,0,1
Stroke\yes\2 (665).png,0,1
Stroke\yes\2 (666).png,0,1
Stroke\yes\2 (667).png,0,1
Stroke\yes\2 (669).png,0,1
Stroke\yes\2 (67).JPG,0,1
Stroke\yes\2 (67).png,0,1
Stroke\yes\2 (670).png,0,1
Stroke\yes\2 (672).png,0,1
Stroke\yes\2 (673).png,0,1
Stroke\yes\2 (674).png,0,1
Stroke\yes\2 (676).png,0,1
Stroke\yes\2 (677).png,0,1
Stroke\yes\2 (678).png,0,1
Stroke\yes\2 (679).png,0,1
Stroke\yes\2 (68).png,0,1
Stroke\yes\2 (681).png,0,1
Stroke\yes\2 (682).png,0,1
Stroke\yes\2 (683).png,0,1
Stroke\yes\2 (684).png,0,1
Stroke\yes\2 (685).png,0,1
Stroke\yes\2 (686).png,0,1
Stroke\yes\2 (687).png,0,1
Stroke\yes\2 (689).png,0,1
Stroke\yes\2 (69).JPG,0,1
Stroke\yes\2 (690).png,0,1
Stroke\yes\2 (691).png,0,1
Stroke\yes\2 (692).png,0,1
Stroke\yes\2 (695).png,0,1
Stroke\yes\2 (696).png,0,1
Stroke\yes\2 (697).png,0,1
Stroke\yes\2 (698).png,0,1
Stroke\yes\2 (699).png,0,1
Stroke\yes\2 (7).JPG,0,1
Stroke\yes\2 (7).png,0,1
Stroke\yes\2 (70).png,0,1
Stroke\yes\2 (700).png,0,1
Stroke\yes\2 (701).png,0,1
Stroke\yes\2 (703).png,0,1
Stroke\yes\2 (704).png,0,1
Stroke\yes\2 (705).png,0,1
Stroke\yes\2 (706).png,0,1
Stroke\yes\2 (707).png,0,1
Stroke\yes\2 (709).png,0,1
Stroke\yes\2 (71).JPG,0,1
Stroke\yes\2 (71).png,0,1
Stroke\yes\2 (710).png,0,1
Stroke\yes\2 (711).png,0,1
Stroke\yes\2 (712).png,0,1
Stroke\yes\2 (713).png,0,1
Stroke\yes\2 (714).png,0,1
Stroke\yes\2 (716).png,0,1
Stroke\yes\2 (718).png,0,1
Stroke\yes\2 (719).png,0,1
Stroke\yes\2 (72).JPG,0,1
Stroke\yes\2 (72).png,0,1
Stroke\yes\2 (721).png,0,1
Stroke\yes\2 (722).png,0,1
Stroke\yes\2 (723).png,0,1
Stroke\yes\2 (724).png,0,1
Stroke\yes\2 (725).png,0,1
Stroke\yes\2 (726).png,0,1
Stroke\yes\2 (727).png,0,1
Stroke\yes\2 (730).png,0,1
Stroke\yes\2 (731).png,0,1
Stroke\yes\2 (732).png,0,1
Stroke\yes\2 (733).png,0,1
Stroke\yes\2 (734).png,0,1
Stroke\yes\2 (736).png,0,1
Stroke\yes\2 (737).png,0,1
Stroke\yes\2 (738).png,0,1
Stroke\yes\2 (74).JPG,0,1
Stroke\yes\2 (74).png,0,1
Stroke\yes\2 (742).png,0,1
Stroke\yes\2 (743).png,0,1
Stroke\yes\2 (744).png,0,1
Stroke\yes\2 (745).png,0,1
Stroke\yes\2 (747).png,0,1
Stroke\yes\2 (748).png,0,1
Stroke\yes\2 (749).png,0,1
Stroke\yes\2 (75).png,0,1
Stroke\yes\2 (750).png,0,1
Stroke\yes\2 (752).png,0,1
Stroke\yes\2 (754).png,0,1
Stroke\yes\2 (755).png,0,1
Stroke\yes\2 (756).png,0,1
Stroke\yes\2 (757).png,0,1
Stroke\yes\2 (759).png,0,1
Stroke\yes\2 (76).JPG,0,1
Stroke\yes\2 (760).png,0,1
Stroke\yes\2 (761).png,0,1
Stroke\yes\2 (762).png,0,1
Stroke\yes\2 (763).png,0,1
Stroke\yes\2 (764).png,0,1
Stroke\yes\2 (765).png,0,1
Stroke\yes\2 (767).png,0,1
Stroke\yes\2 (768).png,0,1
Stroke\yes\2 (769).png,0,1
Stroke\yes\2 (77).png,0,1
Stroke\yes\2 (770).png,0,1
Stroke\yes\2 (771).png,0,1
Stroke\yes\2 (772).png,0,1
Stroke\yes\2 (773).png,0,1
Stroke\yes\2 (774).png,0,1
Stroke\yes\2 (775).png,0,1
Stroke\yes\2 (777).png,0,1
Stroke\yes\2 (778).png,0,1
Stroke\yes\2 (779).png,0,1
Stroke\yes\2 (78).png,0,1
Stroke\yes\2 (780).png,0,1
Stroke\yes\2 (781).png,0,1
Stroke\yes\2 (784).png,0,1
Stroke\yes\2 (785).png,0,1
Stroke\yes\2 (787).png,0,1
Stroke\yes\2 (788).png,0,1
Stroke\yes\2 (789).png,0,1
Stroke\yes\2 (79).JPG,0,1
Stroke\yes\2 (79).png,0,1
Stroke\yes\2 (790).png,0,1
Stroke\yes\2 (791).png,0,1
Stroke\yes\2 (793).png,0,1
Stroke\yes\2 (794).png,0,1
Stroke\yes\2 (795).png,0,1
Stroke\yes\2 (796).png,0,1
Stroke\yes\2 (797).png,0,1
Stroke\yes\2 (798).png,0,1
Stroke\yes\2 (799).png,0,1
Stroke\yes\2 (8).JPG,0,1
Stroke\yes\2 (80).JPG,0,1
Stroke\yes\2 (80).png,0,1
Stroke\yes\2 (801).png,0,1
Stroke\yes\2 (802).png,0,1
Stroke\yes\2 (803).png,0,1
Stroke\yes\2 (805).png,0,1
Stroke\yes\2 (806).png,0,1
Stroke\yes\2 (807).png,0,1
Stroke\yes\2 (808).png,0,1
Stroke\yes\2 (809).png,0,1
Stroke\yes\2 (81).JPG,0,1
Stroke\yes\2 (811).png,0,1
Stroke\yes\2 (812).png,0,1
Stroke\yes\2 (813).png,0,1
Stroke\yes\2 (814).png,0,1
Stroke\yes\2 (817).png,0,1
Stroke\yes\2 (818).png,0,1
Stroke\yes\2 (819).png,0,1
Stroke\yes\2 (82).JPG,0,1
Stroke\yes\2 (82).png,0,1
Stroke\yes\2 (820).png,0,1
Stroke\yes\2 (821).png,0,1
Stroke\yes\2 (822).png,0,1
Stroke\yes\2 (823).png,0,1
Stroke\yes\2 (824).png,0,1
Stroke\yes\2 (825).png,0,1
Stroke\yes\2 (827).png,0,1
Stroke\yes\2 (829).png,0,1
Stroke\yes\2 (83).JPG,0,1
Stroke\yes\2 (83).png,0,1
Stroke\yes\2 (830).png,0,1
Stroke\yes\2 (831).png,0,1
Stroke\yes\2 (832).png,0,1
Stroke\yes\2 (836).png,0,1
Stroke\yes\2 (837).png,0,1
Stroke\yes\2 (838).png,0,1
Stroke\yes\2 (839).png,0,1
Stroke\yes\2 (84).JPG,0,1
Stroke\yes\2 (84).png,0,1
Stroke\yes\2 (840).png,0,1
Stroke\yes\2 (841).png,0,1
Stroke\yes\2 (842).png,0,1
Stroke\yes\2 (843).png,0,1
Stroke\yes\2 (844).png,0,1
Stroke\yes\2 (845).png,0,1
Stroke\yes\2 (846).png,0,1
Stroke\yes\2 (847).png,0,1
Stroke\yes\2 (848).png,0,1
Stroke\yes\2 (85).JPG,0,1
Stroke\yes\2 (85).png,0,1
Stroke\yes\2 (850).png,0,1
Stroke\yes\2 (853).png,0,1
Stroke\yes\2 (854).png,0,1
Stroke\yes\2 (855).png,0,1
Stroke\yes\2 (856).png,0,1
Stroke\yes\2 (857).png,0,1
Stroke\yes\2 (858).png,0,1
Stroke\yes\2 (859).png,0,1
Stroke\yes\2 (86).JPG,0,1
Stroke\yes\2 (861).png,0,1
Stroke\yes\2 (862).png,0,1
Stroke\yes\2 (863).png,0,1
Stroke\yes\2 (864).png,0,1
Stroke\yes\2 (866).png,0,1
Stroke\yes\2 (868).png,0,1
Stroke\yes\2 (869).png,0,1
Stroke\yes\2 (87).JPG,0,1
Stroke\yes\2 (87).png,0,1
Stroke\yes\2 (870).png,0,1
Stroke\yes\2 (872).png,0,1
Stroke\yes\2 (873).png,0,1
Stroke\yes\2 (874).png,0,1
Stroke\yes\2 (875).png,0,1
Stroke\yes\2 (877).png,0,1
Stroke\yes\2 (878).png,0,1
Stroke\yes\2 (879).png,0,1
Stroke\yes\2 (88).JPG,0,1
Stroke\yes\2 (88).png,0,1
Stroke\yes\2 (881).png,0,1
Stroke\yes\2 (882).png,0,1
Stroke\yes\2 (884).png,0,1
Stroke\yes\2 (885).png,0,1
Stroke\yes\2 (886).png,0,1
Stroke\yes\2 (887).png,0,1
Stroke\yes\2 (888).png,0,1
Stroke\yes\2 (89).JPG,0,1
Stroke\yes\2 (89).png,0,1
Stroke\yes\2 (890).png,0,1
Stroke\yes\2 (891).png,0,1
Stroke\yes\2 (892).png,0,1
Stroke\yes\2 (893).png,0,1
Stroke\yes\2 (894).png,0,1
Stroke\yes\2 (895).png,0,1
Stroke\yes\2 (896).png,0,1
Stroke\yes\2 (897).png,0,1
Stroke\yes\2 (898).png,0,1
Stroke\yes\2 (899).png,0,1
Stroke\yes\2 (9).JPG,0,1
Stroke\yes\2 (90).JPG,0,1
Stroke\yes\2 (90).png,0,1
Stroke\yes\2 (900).png,0,1
Stroke\yes\2 (901).png,0,1
Stroke\yes\2 (902).png,0,1
Stroke\yes\2 (903).png,0,1
Stroke\yes\2 (904).png,0,1
Stroke\yes\2 (905).png,0,1
Stroke\yes\2 (906).png,0,1
Stroke\yes\2 (907).png,0,1
Stroke\yes\2 (909).png,0,1
Stroke\yes\2 (91).JPG,0,1
Stroke\yes\2 (91).png,0,1
Stroke\yes\2 (911).png,0,1
Stroke\yes\2 (912).png,0,1
Stroke\yes\2 (913).png,0,1
Stroke\yes\2 (914).png,0,1
Stroke\yes\2 (915).png,0,1
Stroke\yes\2 (916).png,0,1
Stroke\yes\2 (917).png,0,1
Stroke\yes\2 (918).png,0,1
Stroke\yes\2 (919).png,0,1
Stroke\yes\2 (92).JPG,0,1
Stroke\yes\2 (92).png,0,1
Stroke\yes\2 (920).png,0,1
Stroke\yes\2 (921).png,0,1
Stroke\yes\2 (922).png,0,1
Stroke\yes\2 (923).png,0,1
Stroke\yes\2 (924).png,0,1
Stroke\yes\2 (925).png,0,1
Stroke\yes\2 (926).png,0,1
Stroke\yes\2 (927).png,0,1
Stroke\yes\2 (928).png,0,1
Stroke\yes\2 (929).png,0,1
Stroke\yes\2 (930).png,0,1
Stroke\yes\2 (931).png,0,1
Stroke\yes\2 (932).png,0,1
Stroke\yes\2 (933).png,0,1
Stroke\yes\2 (934).png,0,1
Stroke\yes\2 (936).png,0,1
Stroke\yes\2 (937).png,0,1
Stroke\yes\2 (938).png,0,1
Stroke\yes\2 (939).png,0,1
Stroke\yes\2 (94).JPG,0,1
Stroke\yes\2 (94).png,0,1
Stroke\yes\2 (940).png,0,1
Stroke\yes\2 (942).png,0,1
Stroke\yes\2 (943).png,0,1
Stroke\yes\2 (944).png,0,1
Stroke\yes\2 (946).png,0,1
Stroke\yes\2 (947).png,0,1
Stroke\yes\2 (948).png,0,1
Stroke\yes\2 (949).png,0,1
Stroke\yes\2 (95).JPG,0,1
Stroke\yes\2 (95).png,0,1
Stroke\yes\2 (950).png,0,1
Stroke\yes\2 (951).png,0,1
Stroke\yes\2 (952).png,0,1
Stroke\yes\2 (954).png,0,1
Stroke\yes\2 (956).png,0,1
Stroke\yes\2 (957).png,0,1
Stroke\yes\2 (958).png,0,1
Stroke\yes\2 (959).png,0,1
Stroke\yes\2 (96).JPG,0,1
Stroke\yes\2 (96).png,0,1
Stroke\yes\2 (960).png,0,1
Stroke\yes\2 (961).png,0,1
Stroke\yes\2 (962).png,0,1
Stroke\yes\2 (963).png,0,1
Stroke\yes\2 (964).png,0,1
Stroke\yes\2 (965).png,0,1
Stroke\yes\2 (966).png,0,1
Stroke\yes\2 (967).png,0,1
Stroke\yes\2 (968).png,0,1
Stroke\yes\2 (97).JPG,0,1
Stroke\yes\2 (97).png,0,1
Stroke\yes\2 (970).png,0,1
Stroke\yes\2 (971).png,0,1
Stroke\yes\2 (974).png,0,1
Stroke\yes\2 (975).png,0,1
Stroke\yes\2 (976).png,0,1
Stroke\yes\2 (977).png,0,1
Stroke\yes\2 (978).png,0,1
Stroke\yes\2 (979).png,0,1
Stroke\yes\2 (98).JPG,0,1
Stroke\yes\2 (98).png,0,1
Stroke\yes\2 (980).png,0,1
Stroke\yes\2 (981).png,0,1
Stroke\yes\2 (982).png,0,1
Stroke\yes\2 (983).png,0,1
Stroke\yes\2 (984).png,0,1
Stroke\yes\2 (985).png,0,1
Stroke\yes\2 (986).png,0,1
Stroke\yes\2 (987).png,0,1
Stroke\yes\2 (99).JPG,0,1
Stroke\yes\2 (99).png,0,1
Stroke\yes\2 (990).png,0,1
Stroke\yes\2 (994).png,0,1
Stroke\yes\2 (995).png,0,1
Stroke\yes\2 (996).png,0,1
Stroke\yes\2 (997).png,0,1
Stroke\yes\2 (998).png,0,1
Stroke\yes\2 (999).png,0,1
Stroke\no\1 (1).JPG,0,0
Stroke\no\1 (1).png,0,0
Stroke\no\1 (10).JPG,0,0
Stroke\no\1 (100).png,0,0
Stroke\no\1 (1000).png,0,0
Stroke\no\1 (1001).png,0,0
Stroke\no\1 (1002).png,0,0
Stroke\no\1 (1003).png,0,0
Stroke\no\1 (1004).png,0,0
Stroke\no\1 (1006).png,0,0
Stroke\no\1 (1008).png,0,0
Stroke\no\1 (1009).png,0,0
Stroke\no\1 (101).png,0,0
Stroke\no\1 (1010).png,0,0
Stroke\no\1 (1011).png,0,0
Stroke\no\1 (1012).png,0,0
Stroke\no\1 (1013).png,0,0
Stroke\no\1 (1014).png,0,0
Stroke\no\1 (1015).png,0,0
Stroke\no\1 (1016).png,0,0
Stroke\no\1 (1018).png,0,0
Stroke\no\1 (1019).png,0,0
Stroke\no\1 (102).png,0,0
Stroke\no\1 (1020).png,0,0
Stroke\no\1 (1021).png,0,0
Stroke\no\1 (1022).png,0,0
Stroke\no\1 (1025).png,0,0
Stroke\no\1 (1026).png,0,0
Stroke\no\1 (1027).png,0,0
Stroke\no\1 (1028).png,0,0
Stroke\no\1 (1029).png,0,0
Stroke\no\1 (103).png,0,0
Stroke\no\1 (1030).png,0,0
Stroke\no\1 (1032).png,0,0
Stroke\no\1 (1033).png,0,0
Stroke\no\1 (1034).png,0,0
Stroke\no\1 (1035).png,0,0
Stroke\no\1 (1037).png,0,0
Stroke\no\1 (1038).png,0,0
Stroke\no\1 (1039).png,0,0
Stroke\no\1 (104).png,0,0
Stroke\no\1 (1041).png,0,0
Stroke\no\1 (1043).png,0,0
Stroke\no\1 (1044).png,0,0
Stroke\no\1 (105).png,0,0
Stroke\no\1 (107).png,0,0
Stroke\no\1 (11).JPG,0,0
Stroke\no\1 (11).png,0,0
Stroke\no\1 (110).png,0,0
Stroke\no\1 (112).png,0,0
Stroke\no\1 (113).png,0,0
Stroke\no\1 (116).png,0,0
Stroke\no\1 (117).png,0,0
Stroke\no\1 (119).png,0,0
Stroke\no\1 (12).JPG,0,0
Stroke\no\1 (12).png,0,0
Stroke\no\1 (120).png,0,0
Stroke\no\1 (121).png,0,0
Stroke\no\1 (123).png,0,0
Stroke\no\1 (125).png,0,0
Stroke\no\1 (126).png,0,0
Stroke\no\1 (127).png,0,0
Stroke\no\1 (128).png,0,0
Stroke\no\1 (13).JPG,0,0
Stroke\no\1 (13).png,0,0
Stroke\no\1 (131).png,0,0
Stroke\no\1 (133).png,0,0
Stroke\no\1 (134).png,0,0
Stroke\no\1 (135).png,0,0
Stroke\no\1 (136).png,0,0
Stroke\no\1 (137).png,0,0
Stroke\no\1 (138).png,0,0
Stroke\no\1 (139).png,0,0
Stroke\no\1 (14).png,0,0
Stroke\no\1 (140).png,0,0
Stroke\no\1 (141).png,0,0
Stroke\no\1 (144).png,0,0
Stroke\no\1 (145).png,0,0
Stroke\no\1 (146).png,0,0
Stroke\no\1 (147).png,0,0
Stroke\no\1 (148).png,0,0
Stroke\no\1 (15).JPG,0,0
Stroke\no\1 (150).png,0,0
Stroke\no\1 (151).png,0,0
Stroke\no\1 (152).png,0,0
Stroke\no\1 (154).png,0,0
Stroke\no\1 (155).png,0,0
Stroke\no\1 (156).png,0,0
Stroke\no\1 (157).png,0,0
Stroke\no\1 (158).png,0,0
Stroke\no\1 (159).png,0,0
Stroke\no\1 (16).JPG,0,0
Stroke\no\1 (16).png,0,0
Stroke\no\1 (160).png,0,0
Stroke\no\1 (161).png,0,0
Stroke\no\1 (162).png,0,0
Stroke\no\1 (163).png,0,0
Stroke\no\1 (164).png,0,0
Stroke\no\1 (165).png,0,0
Stroke\no\1 (167).png,0,0
Stroke\no\1 (168).png,0,0
Stroke\no\1 (169).png,0,0
Stroke\no\1 (17).JPG,0,0
Stroke\no\1 (17).png,0,0
Stroke\no\1 (170).png,0,0
Stroke\no\1 (171).png,0,0
Stroke\no\1 (173).png,0,0
Stroke\no\1 (176).png,0,0
Stroke\no\1 (178).png,0,0
Stroke\no\1 (179).png,0,0
Stroke\no\1 (18).JPG,0,0
Stroke\no\1 (18).png,0,0
Stroke\no\1 (180).png,0,0
Stroke\no\1 (181).png,0,0
Stroke\no\1 (182).png,0,0
Stroke\no\1 (183).png,0,0
Stroke\no\1 (184).png,0,0
Stroke\no\1 (185).png,0,0
Stroke\no\1 (186).png,0,0
Stroke\no\1 (187).png,0,0
Stroke\no\1 (188).png,0,0
Stroke\no\1 (189).png,0,0
Stroke\no\1 (19).png,0,0
Stroke\no\1 (191).png,0,0
Stroke\no\1 (192).png,0,0
Stroke\no\1 (193).png,0,0
Stroke\no\1 (194).png,0,0
Stroke\no\1 (195).png,0,0
Stroke\no\1 (196).png,0,0
Stroke\no\1 (197).png,0,0
Stroke\no\1 (198).png,0,0
Stroke\no\1 (199).png,0,0
Stroke\no\1 (2).png,0,0
Stroke\no\1 (20).JPG,0,0
Stroke\no\1 (20).png,0,0
Stroke\no\1 (200).png,0,0
Stroke\no\1 (201).png,0,0
Stroke\no\1 (203).png,0,0
Stroke\no\1 (204).png,0,0
Stroke\no\1 (205).png,0,0
Stroke\no\1 (207).png,0,0
Stroke\no\1 (208).png,0,0
Stroke\no\1 (209).png,0,0
Stroke\no\1 (21).JPG,0,0
Stroke\no\1 (21).png,0,0
Stroke\no\1 (211).png,0,0
Stroke\no\1 (212).png,0,0
Stroke\no\1 (213).png,0,0
Stroke\no\1 (214).png,0,0
Stroke\no\1 (215).png,0,0
Stroke\no\1 (216).png,0,0
Stroke\no\1 (217).png,0,0
Stroke\no\1 (219).png,0,0
Stroke\no\1 (22).JPG,0,0
Stroke\no\1 (22).png,0,0
Stroke\no\1 (220).png,0,0
Stroke\no\1 (221).png,0,0
Stroke\no\1 (224).png,0,0
Stroke\no\1 (225).png,0,0
Stroke\no\1 (226).png,0,0
Stroke\no\1 (227).png,0,0
Stroke\no\1 (228).png,0,0
Stroke\no\1 (229).png,0,0
Stroke\no\1 (23).JPG,0,0
Stroke\no\1 (23).png,0,0
Stroke\no\1 (233).png,0,0
Stroke\no\1 (234).png,0,0
Stroke\no\1 (235).png,0,0
Stroke\no\1 (236).png,0,0
Stroke\no\1 (237).png,0,0
Stroke\no\1 (238).png,0,0
Stroke\no\1 (239).png,0,0
Stroke\no\1 (24).png,0,0
Stroke\no\1 (241).png,0,0
Stroke\no\1 (242).png,0,0
Stroke\no\1 (243).png,0,0
Stroke\no\1 (244).png,0,0
Stroke\no\1 (245).png,0,0
Stroke\no\1 (246).png,0,0
Stroke\no\1 (247).png,0,0
Stroke\no\1 (248).png,0,0
Stroke\no\1 (249).png,0,0
Stroke\no\1 (25).JPG,0,0
Stroke\no\1 (250).png,0,0
Stroke\no\1 (251).png,0,0
Stroke\no\1 (252).png,0,0
Stroke\no\1 (253).png,0,0
Stroke\no\1 (254).png,0,0
Stroke\no\1 (256).png,0,0
Stroke\no\1 (257).png,0,0
Stroke\no\1 (258).png,0,0
Stroke\no\1 (259).png,0,0
Stroke\no\1 (26).JPG,0,0
Stroke\no\1 (261).png,0,0
Stroke\no\1 (262).png,0,0
Stroke\no\1 (263).png,0,0
Stroke\no\1 (264).png,0,0
Stroke\no\1 (265).png,0,0
Stroke\no\1 (266).png,0,0
Stroke\no\1 (267).png,0,0
Stroke\no\1 (268).png,0,0
Stroke\no\1 (269).png,0,0
Stroke\no\1 (27).JPG,0,0
Stroke\no\1 (27).png,0,0
Stroke\no\1 (270).png,0,0
Stroke\no\1 (271).png,0,0
Stroke\no\1 (272).png,0,0
Stroke\no\1 (273).png,0,0
Stroke\no\1 (274).png,0,0
Stroke\no\1 (275).png,0,0
Stroke\no\1 (276).png,0,0
Stroke\no\1 (277).png,0,0
Stroke\no\1 (278).png,0,0
Stroke\no\1 (279).png,0,0
Stroke\no\1 (28).JPG,0,0
Stroke\no\1 (28).png,0,0
Stroke\no\1 (280).png,0,0
Stroke\no\1 (281).png,0,0
Stroke\no\1 (283).png,0,0
Stroke\no\1 (284).png,0,0
Stroke\no\1 (286).png,0,0
Stroke\no\1 (288).png,0,0
Stroke\no\1 (29).JPG,0,0
Stroke\no\1 (29).png,0,0
Stroke\no\1 (290).png,0,0
Stroke\no\1 (291).png,0,0
Stroke\no\1 (292).png,0,0
Stroke\no\1 (293).png,0,0
Stroke\no\1 (294).png,0,0
Stroke\no\1 (295).png,0,0
Stroke\no\1 (297).png,0,0
Stroke\no\1 (298).png,0,0
Stroke\no\1 (3).png,0,0
Stroke\no\1 (30).png,0,0
Stroke\no\1 (300).png,0,0
Stroke\no\1 (301).png,0,0
Stroke\no\1 (302).png,0,0
Stroke\no\1 (303).png,0,0
Stroke\no\1 (306).png,0,0
Stroke\no\1 (307).png,0,0
Stroke\no\1 (308).png,0,0
Stroke\no\1 (309).png,0,0
Stroke\no\1 (31).JPG,0,0
Stroke\no\1 (31).png,0,0
Stroke\no\1 (311).png,0,0
Stroke\no\1 (314).png,0,0
Stroke\no\1 (315).png,0,0
Stroke\no\1 (316).png,0,0
Stroke\no\1 (317).png,0,0
Stroke\no\1 (318).png,0,0
Stroke\no\1 (319).png,0,0
Stroke\no\1 (32).JPG,0,0
Stroke\no\1 (32).png,0,0
Stroke\no\1 (320).png,0,0
Stroke\no\1 (322).png,0,0
Stroke\no\1 (324).png,0,0
Stroke\no\1 (326).png,0,0
Stroke\no\1 (327).png,0,0
Stroke\no\1 (328).png,0,0
Stroke\no\1 (33).png,0,0
Stroke\no\1 (330).png,0,0
Stroke\no\1 (334).png,0,0
Stroke\no\1 (335).png,0,0
Stroke\no\1 (337).png,0,0
Stroke\no\1 (338).png,0,0
Stroke\no\1 (339).png,0,0
Stroke\no\1 (34).JPG,0,0
Stroke\no\1 (34).png,0,0
Stroke\no\1 (341).png,0,0
Stroke\no\1 (343).png,0,0
Stroke\no\1 (345).png,0,0
Stroke\no\1 (346).png,0,0
Stroke\no\1 (347).png,0,0
Stroke\no\1 (348).png,0,0
Stroke\no\1 (35).png,0,0
Stroke\no\1 (351).png,0,0
Stroke\no\1 (352).png,0,0
Stroke\no\1 (353).png,0,0
Stroke\no\1 (354).png,0,0
Stroke\no\1 (356).png,0,0
Stroke\no\1 (359).png,0,0
Stroke\no\1 (36).JPG,0,0
Stroke\no\1 (36).png,0,0
Stroke\no\1 (360).png,0,0
Stroke\no\1 (361).png,0,0
Stroke\no\1 (362).png,0,0
Stroke\no\1 (363).png,0,0
Stroke\no\1 (364).png,0,0
Stroke\no\1 (365).png,0,0
Stroke\no\1 (366).png,0,0
Stroke\no\1 (367).png,0,0
Stroke\no\1 (368).png,0,0
Stroke\no\1 (369).png,0,0
Stroke\no\1 (37).JPG,0,0
Stroke\no\1 (370).png,0,0
Stroke\no\1 (371).png,0,0
Stroke\no\1 (374).png,0,0
Stroke\no\1 (375).png,0,0
Stroke\no\1 (376).png,0,0
Stroke\no\1 (377).png,0,0
Stroke\no\1 (378).png,0,0
Stroke\no\1 (379).png,0,0
Stroke\no\1 (38).png,0,0
Stroke\no\1 (380).png,0,0
Stroke\no\1 (381).png,0,0
Stroke\no\1 (382).png,0,0
Stroke\no\1 (383).png,0,0
Stroke\no\1 (384).png,0,0
Stroke\no\1 (385).png,0,0
Stroke\no\1 (386).png,0,0
Stroke\no\1 (387).png,0,0
Stroke\no\1 (389).png,0,0
Stroke\no\1 (39).JPG,0,0
Stroke\no\1 (39).png,0,0
Stroke\no\1 (390).png,0,0
Stroke\no\1 (391).png,0,0
Stroke\no\1 (393).png,0,0
Stroke\no\1 (394).png,0,0
Stroke\no\1 (395).png,0,0
Stroke\no\1 (396).png,0,0
Stroke\no\1 (397).png,0,0
Stroke\no\1 (398).png,0,0
Stroke\no\1 (4).JPG,0,0
Stroke\no\1 (4).png,0,0
Stroke\no\1 (40).JPG,0,0
Stroke\no\1 (40).png,0,0
Stroke\no\1 (400).png,0,0
Stroke\no\1 (401).png,0,0
Stroke\no\1 (402).png,0,0
Stroke\no\1 (403).png,0,0
Stroke\no\1 (404).png,0,0
Stroke\no\1 (405).png,0,0
Stroke\no\1 (406).png,0,0
Stroke\no\1 (41).JPG,0,0
Stroke\no\1 (41).png,0,0
Stroke\no\1 (410).png,0,0
Stroke\no\1 (411).png,0,0
Stroke\no\1 (412).png,0,0
Stroke\no\1 (413).png,0,0
Stroke\no\1 (414).png,0,0
Stroke\no\1 (415).png,0,0
Stroke\no\1 (416).png,0,0
Stroke\no\1 (417).png,0,0
Stroke\no\1 (419).png,0,0
Stroke\no\1 (42).JPG,0,0
Stroke\no\1 (42).png,0,0
Stroke\no\1 (420).png,0,0
Stroke\no\1 (421).png,0,0
Stroke\no\1 (422).png,0,0
Stroke\no\1 (423).png,0,0
Stroke\no\1 (424).png,0,0
Stroke\no\1 (426).png,0,0
Stroke\no\1 (427).png,0,0
Stroke\no\1 (428).png,0,0
Stroke\no\1 (429).png,0,0
Stroke\no\1 (43).JPG,0,0
Stroke\no\1 (43).png,0,0
Stroke\no\1 (430).png,0,0
Stroke\no\1 (432).png,0,0
Stroke\no\1 (433).png,0,0
Stroke\no\1 (434).png,0,0
Stroke\no\1 (435).png,0,0
Stroke\no\1 (437).png,0,0
Stroke\no\1 (438).png,0,0
Stroke\no\1 (439).png,0,0
Stroke\no\1 (44).png,0,0
Stroke\no\1 (441).png,0,0
Stroke\no\1 (442).png,0,0
Stroke\no\1 (443).png,0,0
Stroke\no\1 (444).png,0,0
Stroke\no\1 (445).png,0,0
Stroke\no\1 (446).png,0,0
Stroke\no\1 (447).png,0,0
Stroke\no\1 (448).png,0,0
Stroke\no\1 (449).png,0,0
Stroke\no\1 (45).JPG,0,0
Stroke\no\1 (45).png,0,0
Stroke\no\1 (450).png,0,0
Stroke\no\1 (453).png,0,0
Stroke\no\1 (454).png,0,0
Stroke\no\1 (456).png,0,0
Stroke\no\1 (457).png,0,0
Stroke\no\1 (458).png,0,0
Stroke\no\1 (459).png,0,0
Stroke\no\1 (46).JPG,0,0
Stroke\no\1 (46).png,0,0
Stroke\no\1 (460).png,0,0
Stroke\no\1 (461).png,0,0
Stroke\no\1 (462).png,0,0
Stroke\no\1 (463).png,0,0
Stroke\no\1 (464).png,0,0
Stroke\no\1 (465).png,0,0
Stroke\no\1 (467).png,0,0
Stroke\no\1 (468).png,0,0
Stroke\no\1 (469).png,0,0
Stroke\no\1 (47).JPG,0,0
Stroke\no\1 (47).png,0,0
Stroke\no\1 (470).png,0,0
Stroke\no\1 (471).png,0,0
Stroke\no\1 (472).png,0,0
Stroke\no\1 (473).png,0,0
Stroke\no\1 (475).png,0,0
Stroke\no\1 (478).png,0,0
Stroke\no\1 (479).png,0,0
Stroke\no\1 (48).JPG,0,0
Stroke\no\1 (48).png,0,0
Stroke\no\1 (480).png,0,0
Stroke\no\1 (482).png,0,0
Stroke\no\1 (483).png,0,0
Stroke\no\1 (484).png,0,0
Stroke\no\1 (485).png,0,0
Stroke\no\1 (486).png,0,0
Stroke\no\1 (487).png,0,0
Stroke\no\1 (488).png,0,0
Stroke\no\1 (489).png,0,0
Stroke\no\1 (49).JPG,0,0
Stroke\no\1 (49).png,0,0
Stroke\no\1 (490).png,0,0
Stroke\no\1 (493).png,0,0
Stroke\no\1 (494).png,0,0
Stroke\no\1 (497).png,0,0
Stroke\no\1 (499).png,0,0
Stroke\no\1 (5).JPG,0,0
Stroke\no\1 (50).png,0,0
Stroke\no\1 (500).png,0,0
Stroke\no\1 (502).png,0,0
Stroke\no\1 (505).png,0,0
Stroke\no\1 (506).png,0,0
Stroke\no\1 (507).png,0,0
Stroke\no\1 (508).png,0,0
Stroke\no\1 (509).png,0,0
Stroke\no\1 (51).JPG,0,0
Stroke\no\1 (510).png,0,0
Stroke\no\1 (513).png,0,0
Stroke\no\1 (514).png,0,0
Stroke\no\1 (515).png,0,0
Stroke\no\1 (516).png,0,0
Stroke\no\1 (517).png,0,0
Stroke\no\1 (519).png,0,0
Stroke\no\1 (520).png,0,0
Stroke\no\1 (521).png,0,0
Stroke\no\1 (522).png,0,0
Stroke\no\1 (523).png,0,0
Stroke\no\1 (524).png,0,0
Stroke\no\1 (525).png,0,0
Stroke\no\1 (526).png,0,0
Stroke\no\1 (527).png,0,0
Stroke\no\1 (528).png,0,0
Stroke\no\1 (529).png,0,0
Stroke\no\1 (53).png,0,0
Stroke\no\1 (530).png,0,0
Stroke\no\1 (532).png,0,0
Stroke\no\1 (533).png,0,0
Stroke\no\1 (534).png,0,0
Stroke\no\1 (535).png,0,0
Stroke\no\1 (536).png,0,0
Stroke\no\1 (537).png,0,0
Stroke\no\1 (539).png,0,0
Stroke\no\1 (54).JPG,0,0
Stroke\no\1 (540).png,0,0
Stroke\no\1 (541).png,0,0
Stroke\no\1 (542).png,0,0
Stroke\no\1 (543).png,0,0
Stroke\no\1 (545).png,0,0
Stroke\no\1 (546).png,0,0
Stroke\no\1 (547).png,0,0
Stroke\no\1 (548).png,0,0
Stroke\no\1 (549).png,0,0
Stroke\no\1 (55).JPG,0,0
Stroke\no\1 (550).png,0,0
Stroke\no\1 (551).png,0,0
Stroke\no\1 (552).png,0,0
Stroke\no\1 (553).png,0,0
Stroke\no\1 (554).png,0,0
Stroke\no\1 (555).png,0,0
Stroke\no\1 (556).png,0,0
Stroke\no\1 (557).png,0,0
Stroke\no\1 (558).png,0,0
Stroke\no\1 (559).png,0,0
Stroke\no\1 (56).JPG,0,0
Stroke\no\1 (56).png,0,0
Stroke\no\1 (560).png,0,0
Stroke\no\1 (561).png,0,0
Stroke\no\1 (562).png,0,0
Stroke\no\1 (569).png,0,0
Stroke\no\1 (57).JPG,0,0
Stroke\no\1 (57).png,0,0
Stroke\no\1 (571).png,0,0
Stroke\no\1 (572).png,0,0
Stroke\no\1 (573).png,0,0
Stroke\no\1 (575).png,0,0
Stroke\no\1 (576).png,0,0
Stroke\no\1 (578).png,0,0
Stroke\no\1 (58).JPG,0,0
Stroke\no\1 (58).png,0,0
Stroke\no\1 (581).png,0,0
Stroke\no\1 (583).png,0,0
Stroke\no\1 (584).png,0,0
Stroke\no\1 (585).png,0,0
Stroke\no\1 (586).png,0,0
Stroke\no\1 (587).png,0,0
Stroke\no\1 (588).png,0,0
Stroke\no\1 (589).png,0,0
Stroke\no\1 (59).JPG,0,0
Stroke\no\1 (59).png,0,0
Stroke\no\1 (590).png,0,0
Stroke\no\1 (591).png,0,0
Stroke\no\1 (592).png,0,0
Stroke\no\1 (593).png,0,0
Stroke\no\1 (595).png,0,0
Stroke\no\1 (596).png,0,0
Stroke\no\1 (597).png,0,0
Stroke\no\1 (598).png,0,0
Stroke\no\1 (599).png,0,0
Stroke\no\1 (6).JPG,0,0
Stroke\no\1 (60).JPG,0,0
Stroke\no\1 (60).png,0,0
Stroke\no\1 (600).png,0,0
Stroke\no\1 (601).png,0,0
Stroke\no\1 (602).png,0,0
Stroke\no\1 (603).png,0,0
Stroke\no\1 (604).png,0,0
Stroke\no\1 (605).png,0,0
Stroke\no\1 (606).png,0,0
Stroke\no\1 (607).png,0,0
Stroke\no\1 (609).png,0,0
Stroke\no\1 (61).JPG,0,0
Stroke\no\1 (61).png,0,0
Stroke\no\1 (610).png,0,0
Stroke\no\1 (613).png,0,0
Stroke\no\1 (614).png,0,0
Stroke\no\1 (615).png,0,0
Stroke\no\1 (617).png,0,0
Stroke\no\1 (618).png,0,0
Stroke\no\1 (619).png,0,0
Stroke\no\1 (62).JPG,0,0
Stroke\no\1 (62).png,0,0
Stroke\no\1 (620).png,0,0
Stroke\no\1 (621).png,0,0
Stroke\no\1 (622).png,0,0
Stroke\no\1 (623).png,0,0
Stroke\no\1 (624).png,0,0
Stroke\no\1 (625).png,0,0
Stroke\no\1 (626).png,0,0
Stroke\no\1 (627).png,0,0
Stroke\no\1 (630).png,0,0
Stroke\no\1 (631).png,0,0
Stroke\no\1 (632).png,0,0
Stroke\no\1 (633).png,0,0
Stroke\no\1 (634).png,0,0
Stroke\no\1 (635).png,0,0
Stroke\no\1 (636).png,0,0
Stroke\no\1 (637).png,0,0
Stroke\no\1 (639).png,0,0
Stroke\no\1 (64).JPG,0,0
Stroke\no\1 (64).png,0,0
Stroke\no\1 (641).png,0,0
Stroke\no\1 (642).png,0,0
Stroke\no\1 (644).png,0,0
Stroke\no\1 (645).png,0,0
Stroke\no\1 (646).png,0,0
Stroke\no\1 (647).png,0,0
Stroke\no\1 (648).png,0,0
Stroke\no\1 (649).png,0,0
Stroke\no\1 (65).JPG,0,0
Stroke\no\1 (65).png,0,0
Stroke\no\1 (650).png,0,0
Stroke\no\1 (651).png,0,0
Stroke\no\1 (653).png,0,0
Stroke\no\1 (655).png,0,0
Stroke\no\1 (656).png,0,0
Stroke\no\1 (657).png,0,0
Stroke\no\1 (658).png,0,0
Stroke\no\1 (659).png,0,0
Stroke\no\1 (66).JPG,0,0
Stroke\no\1 (660).png,0,0
Stroke\no\1 (661).png,0,0
Stroke\no\1 (662).png,0,0
Stroke\no\1 (663).png,0,0
Stroke\no\1 (665).png,0,0
Stroke\no\1 (666).png,0,0
Stroke\no\1 (668).png,0,0
Stroke\no\1 (669).png,0,0
Stroke\no\1 (67).JPG,0,0
Stroke\no\1 (67).png,0,0
Stroke\no\1 (670).png,0,0
Stroke\no\1 (671).png,0,0
Stroke\no\1 (673).png,0,0
Stroke\no\1 (674).png,0,0
Stroke\no\1 (675).png,0,0
Stroke\no\1 (677).png,0,0
Stroke\no\1 (678).png,0,0
Stroke\no\1 (679).png,0,0
Stroke\no\1 (680).png,0,0
Stroke\no\1 (681).png,0,0
Stroke\no\1 (682).png,0,0
Stroke\no\1 (684).png,0,0
Stroke\no\1 (687).png,0,0
Stroke\no\1 (688).png,0,0
Stroke\no\1 (689).png,0,0
Stroke\no\1 (69).png,0,0
Stroke\no\1 (690).png,0,0
Stroke\no\1 (691).png,0,0
Stroke\no\1 (692).png,0,0
Stroke\no\1 (693).png,0,0
Stroke\no\1 (694).png,0,0
Stroke\no\1 (696).png,0,0
Stroke\no\1 (697).png,0,0
Stroke\no\1 (699).png,0,0
Stroke\no\1 (7).JPG,0,0
Stroke\no\1 (7).png,0,0
Stroke\no\1 (70).png,0,0
Stroke\no\1 (700).png,0,0
Stroke\no\1 (701).png,0,0
Stroke\no\1 (702).png,0,0
Stroke\no\1 (703).png,0,0
Stroke\no\1 (704).png,0,0
Stroke\no\1 (705).png,0,0
Stroke\no\1 (706).png,0,0
Stroke\no\1 (709).png,0,0
Stroke\no\1 (710).png,0,0
Stroke\no\1 (711).png,0,0
Stroke\no\1 (712).png,0,0
Stroke\no\1 (714).png,0,0
Stroke\no\1 (715).png,0,0
Stroke\no\1 (716).png,0,0
Stroke\no\1 (717).png,0,0
Stroke\no\1 (718).png,0,0
Stroke\no\1 (719).png,0,0
Stroke\no\1 (72).png,0,0
Stroke\no\1 (721).png,0,0
Stroke\no\1 (723).png,0,0
Stroke\no\1 (724).png,0,0
Stroke\no\1 (725).png,0,0
Stroke\no\1 (727).png,0,0
Stroke\no\1 (728).png,0,0
Stroke\no\1 (729).png,0,0
Stroke\no\1 (73).png,0,0
Stroke\no\1 (730).png,0,0
Stroke\no\1 (731).png,0,0
Stroke\no\1 (732).png,0,0
Stroke\no\1 (733).png,0,0
Stroke\no\1 (735).png,0,0
Stroke\no\1 (736).png,0,0
Stroke\no\1 (737).png,0,0
Stroke\no\1 (738).png,0,0
Stroke\no\1 (742).png,0,0
Stroke\no\1 (743).png,0,0
Stroke\no\1 (744).png,0,0
Stroke\no\1 (745).png,0,0
Stroke\no\1 (746).png,0,0
Stroke\no\1 (747).png,0,0
Stroke\no\1 (748).png,0,0
Stroke\no\1 (749).png,0,0
Stroke\no\1 (75).png,0,0
Stroke\no\1 (750).png,0,0
Stroke\no\1 (751).png,0,0
Stroke\no\1 (752).png,0,0
Stroke\no\1 (753).png,0,0
Stroke\no\1 (754).png,0,0
Stroke\no\1 (755).png,0,0
Stroke\no\1 (756).png,0,0
Stroke\no\1 (759).png,0,0
Stroke\no\1 (760).png,0,0
Stroke\no\1 (761).png,0,0
Stroke\no\1 (762).png,0,0
Stroke\no\1 (763).png,0,0
Stroke\no\1 (764).png,0,0
Stroke\no\1 (765).png,0,0
Stroke\no\1 (766).png,0,0
Stroke\no\1 (767).png,0,0
Stroke\no\1 (768).png,0,0
Stroke\no\1 (769).png,0,0
Stroke\no\1 (77).png,0,0
Stroke\no\1 (770).png,0,0
Stroke\no\1 (771).png,0,0
Stroke\no\1 (772).png,0,0
Stroke\no\1 (773).png,0,0
Stroke\no\1 (774).png,0,0
Stroke\no\1 (775).png,0,0
Stroke\no\1 (776).png,0,0
Stroke\no\1 (777).png,0,0
Stroke\no\1 (778).png,0,0
Stroke\no\1 (779).png,0,0
Stroke\no\1 (78).png,0,0
Stroke\no\1 (780).png,0,0
Stroke\no\1 (782).png,0,0
Stroke\no\1 (783).png,0,0
Stroke\no\1 (784).png,0,0
Stroke\no\1 (785).png,0,0
Stroke\no\1 (786).png,0,0
Stroke\no\1 (79).png,0,0
Stroke\no\1 (790).png,0,0
Stroke\no\1 (791).png,0,0
Stroke\no\1 (792).png,0,0
Stroke\no\1 (794).png,0,0
Stroke\no\1 (795).png,0,0
Stroke\no\1 (797).png,0,0
Stroke\no\1 (798).png,0,0
Stroke\no\1 (799).png,0,0
Stroke\no\1 (8).JPG,0,0
Stroke\no\1 (8).png,0,0
Stroke\no\1 (80).png,0,0
Stroke\no\1 (800).png,0,0
Stroke\no\1 (801).png,0,0
Stroke\no\1 (802).png,0,0
Stroke\no\1 (803).png,0,0
Stroke\no\1 (804).png,0,0
Stroke\no\1 (805).png,0,0
Stroke\no\1 (806).png,0,0
Stroke\no\1 (807).png,0,0
Stroke\no\1 (808).png,0,0
Stroke\no\1 (809).png,0,0
Stroke\no\1 (81).png,0,0
Stroke\no\1 (811).png,0,0
Stroke\no\1 (812).png,0,0
Stroke\no\1 (813).png,0,0
Stroke\no\1 (814).png,0,0
Stroke\no\1 (815).png,0,0
Stroke\no\1 (816).png,0,0
Stroke\no\1 (817).png,0,0
Stroke\no\1 (818).png,0,0
Stroke\no\1 (819).png,0,0
Stroke\no\1 (82).png,0,0
Stroke\no\1 (820).png,0,0
Stroke\no\1 (821).png,0,0
Stroke\no\1 (822).png,0,0
Stroke\no\1 (823).png,0,0
Stroke\no\1 (824).png,0,0
Stroke\no\1 (825).png,0,0
Stroke\no\1 (826).png,0,0
Stroke\no\1 (827).png,0,0
Stroke\no\1 (828).png,0,0
Stroke\no\1 (83).png,0,0
Stroke\no\1 (830).png,0,0
Stroke\no\1 (831).png,0,0
Stroke\no\1 (832).png,0,0
Stroke\no\1 (833).png,0,0
Stroke\no\1 (834).png,0,0
Stroke\no\1 (835).png,0,0
Stroke\no\1 (836).png,0,0
Stroke\no\1 (837).png,0,0
Stroke\no\1 (838).png,0,0
Stroke\no\1 (839).png,0,0
Stroke\no\1 (840).png,0,0
Stroke\no\1 (841).png,0,0
Stroke\no\1 (842).png,0,0
Stroke\no\1 (844).png,0,0
Stroke\no\1 (845).png,0,0
Stroke\no\1 (846).png,0,0
Stroke\no\1 (847).png,0,0
Stroke\no\1 (848).png,0,0
Stroke\no\1 (85).png,0,0
Stroke\no\1 (850).png,0,0
Stroke\no\1 (851).png,0,0
Stroke\no\1 (853).png,0,0
Stroke\no\1 (854).png,0,0
Stroke\no\1 (855).png,0,0
Stroke\no\1 (856).png,0,0
Stroke\no\1 (857).png,0,0
Stroke\no\1 (858).png,0,0
Stroke\no\1 (859).png,0,0
Stroke\no\1 (86).png,0,0
Stroke\no\1 (860).png,0,0
Stroke\no\1 (861).png,0,0
Stroke\no\1 (863).png,0,0
Stroke\no\1 (864).png,0,0
Stroke\no\1 (866).png,0,0
Stroke\no\1 (867).png,0,0
Stroke\no\1 (869).png,0,0
Stroke\no\1 (87).png,0,0
Stroke\no\1 (871).png,0,0
Stroke\no\1 (873).png,0,0
Stroke\no\1 (874).png,0,0
Stroke\no\1 (875).png,0,0
Stroke\no\1 (876).png,0,0
Stroke\no\1 (877).png,0,0
Stroke\no\1 (878).png,0,0
Stroke\no\1 (879).png,0,0
Stroke\no\1 (88).png,0,0
Stroke\no\1 (882).png,0,0
Stroke\no\1 (883).png,0,0
Stroke\no\1 (884).png,0,0
Stroke\no\1 (885).png,0,0
Stroke\no\1 (887).png,0,0
Stroke\no\1 (888).png,0,0
Stroke\no\1 (889).png,0,0
Stroke\no\1 (89).png,0,0
Stroke\no\1 (890).png,0,0
Stroke\no\1 (891).png,0,0
Stroke\no\1 (892).png,0,0
Stroke\no\1 (893).png,0,0
Stroke\no\1 (894).png,0,0
Stroke\no\1 (895).png,0,0
Stroke\no\1 (896).png,0,0
Stroke\no\1 (898).png,0,0
Stroke\no\1 (899).png,0,0
Stroke\no\1 (9).JPG,0,0
Stroke\no\1 (90).png,0,0
Stroke\no\1 (900).png,0,0
Stroke\no\1 (901).png,0,0
Stroke\no\1 (905).png,0,0
Stroke\no\1 (906).png,0,0
Stroke\no\1 (907).png,0,0
Stroke\no\1 (908).png,0,0
Stroke\no\1 (91).png,0,0
Stroke\no\1 (910).png,0,0
Stroke\no\1 (911).png,0,0
Stroke\no\1 (912).png,0,0
Stroke\no\1 (913).png,0,0
Stroke\no\1 (914).png,0,0
Stroke\no\1 (915).png,0,0
Stroke\no\1 (916).png,0,0
Stroke\no\1 (917).png,0,0
Stroke\no\1 (918).png,0,0
Stroke\no\1 (919).png,0,0
Stroke\no\1 (92).png,0,0
Stroke\no\1 (920).png,0,0
Stroke\no\1 (921).png,0,0
Stroke\no\1 (922).png,0,0
Stroke\no\1 (923).png,0,0
Stroke\no\1 (925).png,0,0
Stroke\no\1 (927).png,0,0
Stroke\no\1 (928).png,0,0
Stroke\no\1 (929).png,0,0
Stroke\no\1 (930).png,0,0
Stroke\no\1 (931).png,0,0
Stroke\no\1 (932).png,0,0
Stroke\no\1 (933).png,0,0
Stroke\no\1 (934).png,0,0
Stroke\no\1 (935).png,0,0
Stroke\no\1 (937).png,0,0
Stroke\no\1 (938).png,0,0
Stroke\no\1 (939).png,0,0
Stroke\no\1 (94).png,0,0
Stroke\no\1 (940).png,0,0
Stroke\no\1 (941).png,0,0
Stroke\no\1 (942).png,0,0
Stroke\no\1 (943).png,0,0
Stroke\no\1 (944).png,0,0
Stroke\no\1 (945).png,0,0
Stroke\no\1 (946).png,0,0
Stroke\no\1 (947).png,0,0
Stroke\no\1 (948).png,0,0
Stroke\no\1 (949).png,0,0
Stroke\no\1 (95).png,0,0
Stroke\no\1 (950).png,0,0
Stroke\no\1 (951).png,0,0
Stroke\no\1 (952).png,0,0
Stroke\no\1 (953).png,0,0
Stroke\no\1 (954).png,0,0
Stroke\no\1 (956).png,0,0
Stroke\no\1 (957).png,0,0
Stroke\no\1 (958).png,0,0
Stroke\no\1 (96).png,0,0
Stroke\no\1 (961).png,0,0
Stroke\no\1 (962).png,0,0
Stroke\no\1 (963).png,0,0
Stroke\no\1 (964).png,0,0
Stroke\no\1 (965).png,0,0
Stroke\no\1 (966).png,0,0
Stroke\no\1 (968).png,0,0
Stroke\no\1 (969).png,0,0
Stroke\no\1 (970).png,0,0
Stroke\no\1 (971).png,0,0
Stroke\no\1 (972).png,0,0
Stroke\no\1 (973).png,0,0
Stroke\no\1 (975).png,0,0
Stroke\no\1 (976).png,0,0
Stroke\no\1 (978).png,0,0
Stroke\no\1 (979).png,0,0
Stroke\no\1 (98).png,0,0
Stroke\no\1 (980).png,0,0
Stroke\no\1 (981).png,0,0
Stroke\no\1 (982).png,0,0
Stroke\no\1 (983).png,0,0
Stroke\no\1 (984).png,0,0
Stroke\no\1 (985).png,0,0
Stroke\no\1 (986).png,0,0
Stroke\no\1 (987).png,0,0
Stroke\no\1 (988).png,0,0
Stroke\no\1 (990).png,0,0
Stroke\no\1 (991).png,0,0
Stroke\no\1 (992).png,0,0
Stroke\no\1 (994).png,0,0
Stroke\no\1 (995).png,0,0
Stroke\no\1 (996).png,0,0
Stroke\no\1 (997).png,0,0
Stroke\no\1 (998).png,0,0
Stroke\no\aug_0_1 (1).JPG,0,0
Stroke\no\aug_0_1 (1).png,0,0
Stroke\no\aug_10_1 (1).JPG,0,0
Stroke\no\aug_10_1 (1).png,0,0
Stroke\no\aug_11_1 (1).JPG,0,0
Stroke\no\aug_12_1 (1).JPG,0,0
Stroke\no\aug_13_1 (1).JPG,0,0
Stroke\no\aug_14_1 (1).JPG,0,0
Stroke\no\aug_15_1 (1).JPG,0,0
Stroke\no\aug_16_1 (1).JPG,0,0
Stroke\no\aug_17_1 (1).JPG,0,0
Stroke\no\aug_18_1 (1).JPG,0,0
Stroke\no\aug_19_1 (1).JPG,0,0
Stroke\no\aug_1_1 (1).JPG,0,0
Stroke\no\aug_1_1 (1).png,0,0
Stroke\no\aug_20_1 (1).JPG,0,0
Stroke\no\aug_21_1 (1).JPG,0,0
Stroke\no\aug_22_1 (1).JPG,0,0
Stroke\no\aug_23_1 (1).JPG,0,0
Stroke\no\aug_24_1 (1).JPG,0,0
Stroke\no\aug_25_1 (1).JPG,0,0
Stroke\no\aug_26_1 (1).JPG,0,0
Stroke\no\aug_27_1 (1).JPG,0,0
Stroke\no\aug_28_1 (1).JPG,0,0
Stroke\no\aug_29_1 (1).JPG,0,0
Stroke\no\aug_2_1 (1).JPG,0,0
Stroke\no\aug_2_1 (1).png,0,0
Stroke\no\aug_30_1 (1).JPG,0,0
Stroke\no\aug_31_1 (1).JPG,0,0
Stroke\no\aug_32_1 (1).JPG,0,0
Stroke\no\aug_33_1 (1).JPG,0,0
Stroke\no\aug_34_1 (1).JPG,0,0
Stroke\no\aug_35_1 (1).JPG,0,0
Stroke\no\aug_36_1 (1).JPG,0,0
Stroke\no\aug_37_1 (1).JPG,0,0
Stroke\no\aug_38_1 (1).JPG,0,0
Stroke\no\aug_39_1 (1).JPG,0,0
Stroke\no\aug_3_1 (1).JPG,0,0
Stroke\no\aug_3_1 (1).png,0,0
Stroke\no\aug_40_1 (1).JPG,0,0
Stroke\no\aug_41_1 (1).JPG,0,0
Stroke\no\aug_42_1 (1).JPG,0,0
Stroke\no\aug_43_1 (1).JPG,0,0
Stroke\no\aug_44_1 (1).JPG,0,0
Stroke\no\aug_45_1 (1).JPG,0,0
Stroke\no\aug_46_1 (1).JPG,0,0
Stroke\no\aug_47_1 (1).JPG,0,0
Stroke\no\aug_48_1 (1).JPG,0,0
Stroke\no\aug_49_1 (1).JPG,0,0
Stroke\no\aug_4_1 (1).JPG,0,0
Stroke\no\aug_4_1 (1).png,0,0
Stroke\no\aug_50_1 (1).JPG,0,0
Stroke\no\aug_51_1 (1).JPG,0,0
Stroke\no\aug_52_1 (1).JPG,0,0
Stroke\no\aug_53_1 (1).JPG,0,0
Stroke\no\aug_54_1 (1).JPG,0,0
Stroke\no\aug_55_1 (1).JPG,0,0
Stroke\no\aug_56_1 (1).JPG,0,0
Stroke\no\aug_57_1 (1).JPG,0,0
Stroke\no\aug_58_1 (1).JPG,0,0
Stroke\no\aug_59_1 (1).JPG,0,0
Stroke\no\aug_5_1 (1).JPG,0,0
Stroke\no\aug_5_1 (1).png,0,0
Stroke\no\aug_60_1 (1).JPG,0,0
Stroke\no\aug_6_1 (1).JPG,0,0
Stroke\no\aug_6_1 (1).png,0,0
Stroke\no\aug_7_1 (1).JPG,0,0
Stroke\no\aug_7_1 (1).png,0,0
Stroke\no\aug_8_1 (1).JPG,0,0
Stroke\no\aug_8_1 (1).png,0,0
Stroke\no\aug_9_1 (1).JPG,0,0
Stroke\no\aug_9_1 (1).png,0,0
